t,phase,kind,v_cmd,delta_cmd,servo_cmd,erpm_cmd,erpm_meas,current_motor,duty,v_batt,wz,ax,ay,v_pose,x,y,yaw,pose_t
0.03585171699523926,IDLE,stop,0.0,0.0,0.5,0.0,0.0,0.0,0.0,0.0,0.0,0.0,0.0,0.0,0.0,0.0,0.0,0.0
0.04024791717529297,IDLE,stop,0.0,0.0,0.5,0.0,0.0,0.0,0.001,17.6,-0.07203026833202096,-3.564746404182131,-6.3112380927303775,0.0,0.0,0.0,0.0,0.0
0.0609745979309082,IDLE,stop,0.0,0.0,0.5,0.0,0.0,0.0,0.001,17.6,-0.04946447633912812,-3.5998057260123915,-6.6936916210429445,0.0,0.0,0.0,0.0,0.0
0.08030867576599121,IDLE,stop,0.0,0.0,0.5,0.0,0.0,0.0,0.001,17.6,-0.022877741783298187,-3.658293380160302,-6.794512241243126,0.0,0.0,0.0,0.0,0.0
0.10053873062133789,IDLE,stop,0.0,0.0,0.5,0.0,0.0,0.0,0.001,17.6,0.006722254996077688,-3.6516351554120376,-6.799971786731362,0.0,0.0,0.0,0.0,0.0
0.12052106857299805,IDLE,stop,0.0,0.0,0.5,0.0,0.0,0.0,0.001,17.6,0.04326137494908831,-3.6106067032276314,-6.4507778071942425,0.0,0.0,0.0,0.0,0.0
0.14061546325683594,IDLE,stop,0.0,0.0,0.5,0.0,0.0,0.0,0.001,17.6,0.08557057826231083,-3.4821269976434905,-6.134833436165536,0.0,0.0,0.0,0.0,0.0
0.1605226993560791,IDLE,stop,0.0,0.0,0.5,0.0,0.0,0.0,0.001,17.6,0.12025480599593262,-3.4522652660290305,-6.038776542761184,0.0,0.0,0.0,0.0,0.0
0.1810002326965332,IDLE,stop,0.0,0.0,0.5,0.0,0.0,0.0,0.001,17.6,0.14938820706950223,-3.373536596951965,-6.096877403577139,0.0,0.0,0.0,0.0,0.0
0.2006678581237793,IDLE,stop,0.0,0.0,0.5,0.0,0.0,0.0,0.001,17.6,0.15210717802917545,-3.3422560383987445,-6.145293520693656,0.0,0.0,0.0,0.0,0.0
0.22068071365356445,IDLE,stop,0.0,0.0,0.5,0.0,0.0,0.0,0.001,17.6,0.13735593707360497,-3.268541941679729,-6.1076456363833245,0.0,0.0,0.0,0.0,0.0
0.24070334434509277,IDLE,stop,0.0,0.0,0.5,0.0,0.0,0.0,0.0,17.6,0.12203041039609411,-3.1090623439056913,-5.955142059541856,0.0,0.0,0.0,0.0,0.0
0.260683536529541,IDLE,stop,0.0,0.0,0.5,0.0,0.0,0.0,0.001,17.6,0.10915436774307566,-3.087080320441544,-5.936433307539971,0.0,0.0,0.0,0.0,0.0
0.28064894676208496,IDLE,stop,0.0,0.0,0.5,0.0,0.0,0.0,-0.001,17.6,0.0971311108829926,-2.8127038072642563,-5.798316220705203,0.0,0.0,0.0,0.0,0.0
0.30069661140441895,IDLE,stop,0.0,0.0,0.5,0.0,0.0,0.0,0.001,17.6,0.09731070780900482,-2.688620915678058,-5.554132391562462,0.0,0.0,0.0,0.0,0.0
0.32067108154296875,IDLE,stop,0.0,0.0,0.5,0.0,0.0,0.0,0.001,17.6,0.09841910713231741,-2.5901719262479617,-5.406134094573929,0.0,0.0,0.0,0.0,0.0
0.3406665325164795,IDLE,stop,0.0,0.0,0.5,0.0,0.0,0.0,0.0,17.6,0.10676611977889826,-2.6146258602349235,-5.387089127657646,0.0,0.0,0.0,0.0,0.0
0.36046910285949707,IDLE,stop,0.0,0.0,0.5,0.0,0.0,0.0,0.001,17.6,0.11593485077982305,-2.6062824678635366,-5.511913738581086,0.0,0.0,0.0,0.0,0.0
0.38143110275268555,IDLE,stop,0.0,0.0,0.5,0.0,0.0,0.0,0.001,17.6,0.12486012724522258,-2.627463715109826,-5.799777439959257,0.0,0.0,0.0,0.0,0.0
0.40047216415405273,IDLE,stop,0.0,0.0,0.5,0.0,0.0,0.0,0.001,17.6,0.13268012527921197,-2.689224640719999,-5.775709714582661,0.0,0.0,0.0,0.0,0.0
0.4204435348510742,IDLE,stop,0.0,0.0,0.5,0.0,0.0,0.0,0.001,17.6,0.14499277620362416,-2.6629580698032385,-5.555936257668407,0.0,0.0,0.0,0.0,0.0
0.44051098823547363,IDLE,stop,0.0,0.0,0.5,0.0,0.0,0.0,0.001,17.6,0.16194630990025727,-2.611563380905949,-5.192192066079315,0.0,0.0,0.0,0.0,0.0
0.46044254302978516,IDLE,stop,0.0,0.0,0.5,0.0,0.0,0.0,0.001,17.6,0.15559385510733445,-2.5485105129421015,-4.708221514152569,0.0,0.0,0.0,0.0,0.0
0.48097872734069824,IDLE,stop,0.0,0.0,0.5,0.0,0.0,0.0,0.001,17.6,0.1352012233698923,-2.5394368033044827,-4.181435308500795,0.0,0.0,0.0,0.0,0.0
0.5006599426269531,IDLE,stop,0.0,0.0,0.5,0.0,0.0,0.0,0.001,17.6,0.1100074697863905,-2.537077451687793,-3.7306325040598267,0.0,0.0,0.0,0.0,0.0
0.5206482410430908,IDLE,stop,0.0,0.0,0.5,0.0,0.0,0.0,0.001,17.6,0.10087689689045949,-2.6017029283686384,-3.6832709323313395,0.0,0.0,0.0,0.0,0.0
0.5406734943389893,IDLE,stop,0.0,0.0,0.5,0.0,0.0,0.0,0.001,17.6,0.11126744458762063,-2.479361922399818,-3.664617144158939,0.0,0.0,0.0,0.0,0.0
0.5606133937835693,IDLE,stop,0.0,0.0,0.5,0.0,0.0,0.0,0.001,17.6,0.14208082593346108,-2.4772686191066953,-3.416153737697101,0.0,0.0,0.0,0.0,0.0
0.5819065570831299,IDLE,stop,0.0,0.0,0.5,0.0,0.0,0.0,0.001,17.6,0.17882281166235983,-2.4238516705894995,-3.0279965426323656,0.0,0.0,0.0,0.0,0.0
0.6007061004638672,IDLE,stop,0.0,0.0,0.5,0.0,0.0,0.0,0.001,17.6,0.1989997689633976,-2.3238856209934795,-2.6593094070800305,0.0,0.0,0.0,0.0,0.0
0.6205518245697021,IDLE,stop,0.0,0.0,0.5,0.0,0.0,0.0,0.001,17.6,0.20181932418849174,-2.3530731686143724,-2.587561144347461,0.0,0.0,0.0,0.0,0.0
0.6404929161071777,IDLE,stop,0.0,0.0,0.5,0.0,0.0,0.0,0.001,17.6,0.19360931453523866,-2.2831376889919994,-2.4347207678700045,0.0,0.0,0.0,0.0,0.0
0.6604914665222168,IDLE,stop,0.0,0.0,0.5,0.0,0.0,0.0,0.001,17.6,0.18746435328074662,-2.3761084218429716,-2.3441579185277135,0.0,0.0,0.0,0.0,0.0
0.6806330680847168,IDLE,stop,0.0,0.0,0.5,0.0,0.0,0.0,0.001,17.6,0.17175769496173182,-2.4136956412883137,-2.348779265616315,0.0,0.0,0.0,0.0,0.0
0.7004761695861816,IDLE,stop,0.0,0.0,0.5,0.0,0.0,0.0,0.001,17.6,0.16288309345844945,-2.415268834726902,-2.253339253489685,0.0,0.0,0.0,0.0,0.0
0.7204718589782715,IDLE,stop,0.0,0.0,0.5,0.0,0.0,0.0,0.001,17.6,0.15545420559767342,-2.4088500534698483,-2.0422053504322832,0.0,0.0,0.0,0.0,0.0
0.7404918670654297,IDLE,stop,0.0,0.0,0.5,0.0,0.0,0.0,0.001,17.6,0.15247426149592927,-2.285047682066576,-2.028006556056056,0.0,0.0,0.0,0.0,0.0
0.7604906558990479,IDLE,stop,0.0,0.0,0.5,0.0,0.0,0.0,0.001,17.6,0.1552929345489123,-2.208693275006752,-2.0999235109674146,0.0,0.0,0.0,0.0,0.0
0.7804825305938721,IDLE,stop,0.0,0.0,0.5,0.0,0.0,0.0,0.001,17.6,0.16812594218319077,-2.2464491866308833,-1.9513030702068477,0.0,0.0,0.0,0.0,0.0
0.8005003929138184,IDLE,stop,0.0,0.0,0.5,0.0,0.0,0.0,0.001,17.6,0.18000438965900073,-2.1848009661072325,-1.826905890765886,0.0,0.0,0.0,0.0,0.0
0.8205406665802002,IDLE,stop,0.0,0.0,0.5,0.0,0.0,0.0,0.0,17.6,0.18864769562160974,-2.211853841382492,-1.6588680154360418,0.0,0.0,0.0,0.0,0.0
0.8404293060302734,IDLE,stop,0.0,0.0,0.5,0.0,0.0,0.0,0.001,17.6,0.19612874815023768,-2.145865378674756,-1.596844549831843,0.0,0.0,0.0,0.0,0.0
0.8604996204376221,IDLE,stop,0.0,0.0,0.5,0.0,0.0,0.0,0.001,17.6,0.2056105337373013,-2.2129773839181723,-1.5489549745073532,0.0,0.0,0.0,0.0,0.0
0.8805136680603027,IDLE,stop,0.0,0.0,0.5,0.0,0.0,0.0,0.001,17.6,0.21848701747637528,-2.3549270284162844,-1.5006511239361657,0.0,0.0,0.0,0.0,0.0
0.900609016418457,IDLE,stop,0.0,0.0,0.5,0.0,0.0,0.0,0.001,17.6,0.23357766999049798,-2.4006186352829957,-1.4725017494987753,0.0,0.0,0.0,0.0,0.0
0.9206027984619141,IDLE,stop,0.0,0.0,0.5,0.0,0.0,0.0,0.001,17.6,0.23665350453624182,-2.485990911068569,-1.3333953137332912,0.0,0.0,0.0,0.0,0.0
0.9406125545501709,IDLE,stop,0.0,0.0,0.5,0.0,0.0,0.0,0.001,17.6,0.23628988317890512,-2.5917015579280758,-1.2999392985035172,0.0,0.0,0.0,0.0,0.0
0.9604668617248535,IDLE,stop,0.0,0.0,0.5,0.0,0.0,0.0,0.001,17.6,0.22516585930564414,-2.5870807955610644,-1.2712379468849235,0.0,0.0,0.0,0.0,0.0
0.9804501533508301,IDLE,stop,0.0,0.0,0.5,0.0,0.0,0.0,0.001,17.6,0.20448220231770517,-2.5689892171976965,-1.2810630237660234,0.0,0.0,0.0,0.0,0.0
1.000459909439087,IDLE,stop,0.0,0.0,0.5,0.0,0.0,0.0,0.001,17.6,0.17753054603291252,-2.723959734428462,-1.2180798107616155,0.0,0.0,0.0,0.0,0.0
1.0204410552978516,IDLE,stop,0.0,0.0,0.5,0.0,0.0,0.0,0.001,17.6,0.14878506766162655,-2.81051168602238,-1.2181543627643734,0.0,0.0,0.0,0.0,0.0
1.0405206680297852,IDLE,stop,0.0,0.0,0.5,0.0,0.0,0.0,0.001,17.6,0.1193742068143627,-2.9350439361506915,-1.2708406285643434,0.0,0.0,0.0,0.0,0.0
1.060429334640503,IDLE,stop,0.0,0.0,0.5,0.0,0.0,0.0,0.001,17.6,0.10661216410075644,-3.2103606816451133,-1.4725409258453226,0.0,0.0,0.0,0.0,0.0
1.0806200504302979,IDLE,stop,0.0,0.0,0.5,0.0,0.0,0.0,0.001,17.6,0.10452802416593089,-3.1412679320146992,-1.157032537852352,0.0,0.0,0.0,0.0,0.0
1.1006152629852295,IDLE,stop,0.0,0.0,0.5,0.0,0.0,0.0,0.0,17.6,0.08904267453350163,-3.2736942159722844,-1.2237023473931359,0.0,0.0,0.0,0.0,0.0
1.120415449142456,IDLE,stop,0.0,0.0,0.5,0.0,0.0,0.0,0.001,17.6,0.07846056233017976,-3.21120355781747,-1.2092828206165862,0.0,0.0,0.0,0.0,0.0
1.1404337882995605,IDLE,stop,0.0,0.0,0.5,0.0,0.0,0.0,0.001,17.6,0.0653357679477803,-3.1752598445819444,-1.1129297657267685,0.0,0.0,0.0,0.0,0.0
1.1604673862457275,IDLE,stop,0.0,0.0,0.5,0.0,0.0,0.0,0.001,17.6,0.03939229290552916,-3.21763695711428,-1.0409107768979098,0.0,0.0,0.0,0.0,0.0
1.1804051399230957,IDLE,stop,0.0,0.0,0.5,0.0,0.0,0.0,0.001,17.6,-0.002723942020325142,-3.32368469597057,-0.974001670046313,0.0,0.0,0.0,0.0,0.0
1.2004172801971436,IDLE,stop,0.0,0.0,0.5,0.0,0.0,0.0,0.001,17.6,-0.04074549498966887,-3.422751443760774,-0.849110254681186,0.0,0.0,0.0,0.0,0.0
1.220428466796875,IDLE,stop,0.0,0.0,0.5,0.0,0.0,0.0,0.001,17.6,-0.06702213980666731,-3.3941819468607832,-0.9210001662189953,0.0,0.0,0.0,0.0,0.0
1.2403855323791504,IDLE,stop,0.0,0.0,0.5,0.0,0.0,0.0,0.001,17.6,-0.08042907113942545,-3.407371511772226,-0.9542595688140452,0.0,0.0,0.0,0.0,0.0
1.2604167461395264,IDLE,stop,0.0,0.0,0.5,0.0,0.0,0.0,0.001,17.6,-0.0983297164658532,-3.2353911511200693,-0.8729375133037891,0.0,0.0,0.0,0.0,0.0
1.2803919315338135,IDLE,stop,0.0,0.0,0.5,0.0,0.0,0.0,0.001,17.6,-0.08514887502607518,-3.199826337475031,-0.9502097870799204,0.0,0.0,0.0,0.0,0.0
1.3004560470581055,IDLE,stop,0.0,0.0,0.5,0.0,0.0,0.0,0.001,17.6,-0.06614261005072263,-3.12150551170717,-0.8204955149481492,0.0,0.0,0.0,0.0,0.0
1.3204638957977295,IDLE,stop,0.0,0.0,0.5,0.0,0.0,0.0,0.001,17.6,-0.04126380439444713,-3.0981751202558883,-1.1319892045024105,0.0,0.0,0.0,0.0,0.0
1.3404464721679688,IDLE,stop,0.0,0.0,0.5,0.0,0.0,0.0,0.001,17.6,-0.001997469515765843,-3.116715764800574,-1.0695767528602929,0.0,0.0,0.0,0.0,0.0
1.3604896068572998,IDLE,stop,0.0,0.0,0.5,0.0,0.0,0.0,0.001,17.6,0.04481158853605583,-3.0908573295538133,-0.9398091979736094,0.0,0.0,0.0,0.0,0.0
1.3804926872253418,IDLE,stop,0.0,0.0,0.5,0.0,0.0,0.0,0.0,17.6,0.08937002696574281,-3.1039343355591313,-0.9443027833947397,0.0,0.0,0.0,0.0,0.0
1.4004626274108887,IDLE,stop,0.0,0.0,0.5,0.0,0.0,0.0,0.001,17.6,0.14018032760055327,-3.1729002006044595,-1.0070086190947691,0.0,0.0,0.0,0.0,0.0
1.4206080436706543,IDLE,stop,0.0,0.0,0.5,0.0,0.0,0.0,0.001,17.6,0.18231165255890452,-3.293598138904656,-1.0311738467965412,0.0,0.0,0.0,0.0,0.0
1.4405014514923096,IDLE,stop,0.0,0.0,0.5,0.0,0.0,0.0,0.001,17.6,0.2176905825076303,-3.3654437577820033,-0.8252005503143565,0.0,0.0,0.0,0.0,0.0
1.4604763984680176,IDLE,stop,0.0,0.0,0.5,0.0,0.0,0.0,0.001,17.6,0.24623539169077877,-3.5428877569735278,-0.8060864400700254,0.0,0.0,0.0,0.0,0.0
1.4804723262786865,IDLE,stop,0.0,0.0,0.5,0.0,0.0,0.0,0.001,17.6,0.27357964785451955,-3.538715768427039,-0.7535379492947598,0.0,0.0,0.0,0.0,0.0
1.5004379749298096,IDLE,stop,0.0,0.0,0.5,0.0,0.0,0.0,0.001,17.6,0.30291869489851375,-3.431193069359324,-0.8786869345203954,0.0,0.0,0.0,0.0,0.0
1.520413875579834,IDLE,stop,0.0,0.0,0.5,0.0,0.0,0.0,0.001,17.6,0.31945369618508407,-3.6428391885297913,-0.5387948522214927,0.0,0.0,0.0,0.0,0.0
1.5404231548309326,IDLE,stop,0.0,0.0,0.5,0.0,0.0,0.0,0.001,17.6,0.30899992337916876,-3.7353041372051905,-0.37626593135426134,0.0,0.0,0.0,0.0,0.0
1.560422420501709,IDLE,stop,0.0,0.0,0.5,0.0,0.0,0.0,0.001,17.6,0.285878791558778,-3.831772674609084,-0.4674278279657713,0.0,0.0,0.0,0.0,0.0
1.5805938243865967,IDLE,stop,0.0,0.0,0.5,0.0,0.0,0.0,0.001,17.6,0.26593396203625425,-3.950729019652698,-0.7690152374280856,0.0,0.0,0.0,0.0,0.0
1.6006402969360352,IDLE,stop,0.0,0.0,0.5,0.0,0.0,0.0,0.001,17.6,0.24189184253188678,-4.018627475435011,-0.9943372636926924,0.0,0.0,0.0,0.0,0.0
1.620548963546753,IDLE,stop,0.0,0.0,0.5,0.0,0.0,0.0,0.0,17.6,0.2119900861943157,-4.195285024087639,-1.022943013331279,0.0,0.0,0.0,0.0,0.0
1.6405222415924072,IDLE,stop,0.0,0.0,0.5,0.0,0.0,0.0,0.001,17.6,0.15523482770287814,-4.351491642760209,-1.079993421810336,0.0,0.0,0.0,0.0,0.0
1.6605045795440674,IDLE,stop,0.0,0.0,0.5,0.0,0.0,0.0,0.0,17.6,0.06702576836365254,-4.382266709498651,-1.3092825647942448,0.0,0.0,0.0,0.0,0.0
1.6805024147033691,IDLE,stop,0.0,0.0,0.5,0.0,0.0,0.0,0.001,17.6,-0.03130964477021991,-4.164482767795249,-1.7015561998543944,0.0,0.0,0.0,0.0,0.0
1.7005541324615479,IDLE,stop,0.0,0.0,0.5,0.0,0.0,0.0,0.001,17.6,-0.1201060934161869,-3.841942737228436,-2.3670059146670326,0.0,0.0,0.0,0.0,0.0
1.7205886840820312,IDLE,stop,0.0,0.0,0.5,0.0,0.0,0.0,0.001,17.6,-0.20122197715598697,-3.824708653077181,-2.759131615164847,0.0,0.0,0.0,0.0,0.0
1.7404210567474365,IDLE,stop,0.0,0.0,0.5,0.0,0.0,0.0,0.0,17.6,-0.2807245761640659,-3.792135275087901,-3.204823660546168,0.0,0.0,0.0,0.0,0.0
1.7606663703918457,IDLE,stop,0.0,0.0,0.5,0.0,0.0,0.0,0.001,17.6,-0.2865754744999427,-3.6980971329739134,-3.4915325367835806,0.0,0.0,0.0,0.0,0.0
1.7804999351501465,IDLE,stop,0.0,0.0,0.5,0.0,0.0,0.0,0.001,17.6,-0.20495261643475407,-3.9489596521205783,-3.7697579798287393,0.0,0.0,0.0,0.0,0.0
1.8004229068756104,IDLE,stop,0.0,0.0,0.5,0.0,0.0,0.0,0.001,17.6,-0.13835185113037532,-4.154819658794651,-3.8356917710677862,0.0,0.0,0.0,0.0,0.0
1.8205926418304443,IDLE,stop,0.0,0.0,0.5,0.0,0.0,0.0,0.001,17.6,-0.12417586129264034,-3.995466945605699,-3.8401903266224338,0.0,0.0,0.0,0.0,0.0
1.84047532081604,IDLE,stop,0.0,0.0,0.5,0.0,0.0,0.0,0.0,17.6,-0.12962057762800966,-3.8566069699905086,-4.1143335358852084,0.0,0.0,0.0,0.0,0.0
1.8606548309326172,IDLE,stop,0.0,0.0,0.5,0.0,0.0,0.0,0.001,17.6,-0.15186787636047502,-3.8506936805482326,-4.391897658811786,0.0,0.0,0.0,0.0,0.0
1.8806679248809814,IDLE,stop,0.0,0.0,0.5,0.0,0.0,0.0,0.001,17.6,-0.20309922276362705,-3.9155024674476238,-4.472810555389259,0.0,0.0,0.0,0.0,0.0
1.9006972312927246,IDLE,stop,0.0,0.0,0.5,0.0,0.0,0.0,0.001,17.6,-0.2655350371497172,-3.688981615742591,-4.534766193288988,0.0,0.0,0.0,0.0,0.0
1.9206926822662354,IDLE,stop,0.0,0.0,0.5,0.0,0.0,0.0,0.001,17.6,-0.33259626300657064,-3.4577271504036275,-4.534464476948415,0.0,0.0,0.0,0.0,0.0
1.9405152797698975,IDLE,stop,0.0,0.0,0.5,0.0,0.0,0.0,0.001,17.6,-0.3941972096804346,-3.3940711421194294,-4.719860982128239,0.0,0.0,0.0,0.0,0.0
1.9606473445892334,IDLE,stop,0.0,0.0,0.5,0.0,0.0,0.0,0.001,17.6,-0.42823487183565556,-3.3361594387379228,-5.05875684501774,0.0,0.0,0.0,0.0,0.0
1.9806644916534424,IDLE,stop,0.0,0.0,0.5,0.0,0.0,0.0,0.001,17.6,-0.4425309203042827,-3.612516696302208,-5.363880358297138,0.0,0.0,0.0,0.0,0.0
2.000593423843384,IDLE,stop,0.0,0.0,0.5,0.0,0.0,0.0,0.001,17.6,-0.4266306834635328,-3.7827694970159484,-5.683210267333436,0.0,0.0,0.0,0.0,0.0
2.0205893516540527,IDLE,stop,0.0,0.0,0.5,0.0,0.0,0.0,0.001,17.6,-0.4117571950915492,-3.929115663151208,-6.118607996757476,0.0,0.0,0.0,0.0,0.0
2.040422201156616,IDLE,stop,0.0,0.0,0.5,0.0,0.0,0.0,0.001,17.6,-0.37630662610950033,-4.0648713518437205,-6.501084329212063,0.0,0.0,0.0,0.0,0.0
2.0604794025421143,IDLE,stop,0.0,0.0,0.5,0.0,0.0,0.0,0.0,17.6,-0.3455219153572702,-4.329892904298475,-6.548242125466345,0.0,0.0,0.0,0.0,0.0
2.0805587768554688,IDLE,stop,0.0,0.0,0.5,0.0,0.0,0.0,0.001,17.6,-0.3144875665423588,-4.300817623222912,-6.734977058366269,0.0,0.0,0.0,0.0,0.0
2.100599765777588,IDLE,stop,0.0,0.0,0.5,0.0,0.0,0.0,0.001,17.6,-0.2928126976414492,-4.406823554485499,-6.767551313437934,0.0,0.0,0.0,0.0,0.0
2.120537042617798,IDLE,stop,0.0,0.0,0.5,0.0,0.0,0.0,0.001,17.6,-0.2792258489711102,-4.358982511053,-6.633444831990744,0.0,0.0,0.0,0.0,0.0
2.1404125690460205,IDLE,stop,0.0,0.0,0.5,0.0,0.0,0.0,0.001,17.6,-0.2715846572371844,-4.152294830967918,-6.652444190622987,0.0,0.0,0.0,0.0,0.0
2.160524606704712,IDLE,stop,0.0,0.0,0.5,0.0,0.0,0.0,0.0,17.6,-0.2604964861700986,-3.918666395972508,-6.782026681126354,0.0,0.0,0.0,0.0,0.0
2.180575132369995,IDLE,stop,0.0,0.0,0.5,0.0,0.0,0.0,0.001,17.6,-0.2662346662128378,-4.107993107321249,-6.428138556662645,0.0,0.0,0.0,0.0,0.0
2.200599193572998,IDLE,stop,0.0,0.0,0.5,0.0,0.0,0.0,0.001,17.6,-0.3029771845739546,-4.118640010397456,-6.184091552372024,0.0,0.0,0.0,0.0,0.0
2.2205934524536133,IDLE,stop,0.0,0.0,0.5,0.0,0.0,0.0,0.001,17.6,-0.3213263977741142,-3.762838676890425,-6.237578375119256,0.0,0.0,0.0,0.0,0.0
2.2404699325561523,IDLE,stop,0.0,0.0,0.5,0.0,0.0,0.0,0.001,17.6,-0.3185662976203561,-3.6409467371029223,-6.563909155755709,0.0,0.0,0.0,0.0,0.0
2.2606356143951416,IDLE,stop,0.0,0.0,0.5,0.0,0.0,0.0,0.001,17.6,-0.2992202632241798,-3.447040486259283,-6.4878415546359065,0.0,0.0,0.0,0.0,0.0
2.2806262969970703,IDLE,stop,0.0,0.0,0.5,0.0,0.0,0.0,0.001,17.6,-0.28290440680580936,-3.358395523733037,-6.148293142451678,0.0,0.0,0.0,0.0,0.0
2.3007352352142334,IDLE,stop,0.0,0.0,0.5,0.0,0.0,0.0,0.0,17.6,-0.2732079537901285,-3.228567742522557,-6.296672093195468,0.0,0.0,0.0,0.0,0.0
2.3206727504730225,IDLE,stop,0.0,0.0,0.5,0.0,0.0,0.0,0.001,17.6,-0.24763529896253575,-3.174461991972038,-6.958469344594562,0.0,0.0,0.0,0.0,0.0
2.340440273284912,IDLE,stop,0.0,0.0,0.5,0.0,0.0,0.0,0.0,17.6,-0.2213274951607834,-3.1096532050726466,-6.638054777008335,0.0,0.0,0.0,0.0,0.0
2.3606858253479004,IDLE,stop,0.0,0.0,0.5,0.0,0.0,0.0,0.001,17.6,-0.210620505669472,-3.050041716028261,-6.220835457103817,0.0,0.0,0.0,0.0,0.0
2.3806467056274414,IDLE,stop,0.0,0.0,0.5,0.0,0.0,0.0,0.001,17.6,-0.19416696382274445,-2.8389013810333665,-6.627904010201462,0.0,0.0,0.0,0.0,0.0
2.400636911392212,IDLE,stop,0.0,0.0,0.5,0.0,0.0,0.0,0.001,17.6,-0.15714594539063262,-2.8276221015572958,-7.428546326815194,0.0,0.0,0.0,0.0,0.0
2.420654058456421,IDLE,stop,0.0,0.0,0.5,0.0,0.0,0.0,0.0,17.6,-0.127928296880454,-2.9691788131467547,-7.456793057397363,0.0,0.0,0.0,0.0,0.0
2.440415143966675,IDLE,stop,0.0,0.0,0.5,0.0,0.0,0.0,0.001,17.6,-0.10679018809724984,-2.908837006836137,-7.254957104707444,0.0,0.0,0.0,0.0,0.0
2.4606616497039795,IDLE,stop,0.0,0.0,0.5,0.0,0.0,0.0,0.0,17.6,-0.08075986903632691,-2.961580063720561,-7.547160025006917,0.0,0.0,0.0,0.0,0.0
2.480442762374878,IDLE,stop,0.0,0.0,0.5,0.0,0.0,0.0,0.001,17.6,-0.06302409002613187,-3.1054397012932498,-7.724424807031028,0.0,0.0,0.0,0.0,0.0
2.500516414642334,IDLE,stop,0.0,0.0,0.5,0.0,0.0,0.0,0.001,17.6,-0.04384049597288286,-3.0492552654893643,-7.815732591679307,0.0,0.0,0.0,0.0,0.0
2.520615816116333,IDLE,stop,0.0,0.0,0.5,0.0,0.0,0.0,0.001,17.6,-0.012245563191780108,-3.008297272256584,-7.451087344119628,0.0,0.0,0.0,0.0,0.0
2.5407989025115967,IDLE,stop,0.0,0.0,0.5,0.0,0.0,0.0,0.0,17.6,0.01752388709477641,-2.853944805746721,-7.418411347491258,0.0,0.0,0.0,0.0,0.0
2.560652256011963,IDLE,stop,0.0,0.0,0.5,0.0,0.0,0.0,0.001,17.6,0.05350850309917026,-2.825037632128357,-7.4040038075073085,0.0,0.0,0.0,0.0,0.0
2.5806806087493896,IDLE,stop,0.0,0.0,0.5,0.0,0.0,0.0,0.0,17.6,0.09147539728788336,-2.614684040033154,-7.327460243013036,0.0,0.0,0.0,0.0,0.0
2.6006834506988525,IDLE,stop,0.0,0.0,0.5,0.0,0.0,0.0,0.001,17.6,0.1415803180960943,-2.477243183717519,-7.121828862480754,0.0,0.0,0.0,0.0,0.0
2.6206867694854736,IDLE,stop,0.0,0.0,0.5,0.0,0.0,0.0,0.0,17.6,0.18571537216910755,-2.4728466620803715,-7.021328084990444,0.0,0.0,0.0,0.0,0.0
2.6409034729003906,IDLE,stop,0.0,0.0,0.5,0.0,0.0,0.0,0.001,17.6,0.22534082898926233,-2.4839426313378965,-7.050416229940993,0.0,0.0,0.0,0.0,0.0
2.660532236099243,IDLE,stop,0.0,0.0,0.5,0.0,0.0,0.0,0.001,17.6,0.2573936371840473,-2.4635481269912987,-6.853742199449869,0.0,0.0,0.0,0.0,0.0
2.6804778575897217,IDLE,stop,0.0,0.0,0.5,0.0,0.0,0.0,0.001,17.6,0.27440705871569354,-2.6395311992895643,-6.738492989288488,0.0,0.0,0.0,0.0,0.0
2.70064640045166,IDLE,stop,0.0,0.0,0.5,0.0,0.0,0.0,0.001,17.6,0.26159653814786943,-2.7871134668666286,-6.695171551387887,0.0,0.0,0.0,0.0,0.0
2.720435619354248,IDLE,stop,0.0,0.0,0.5,0.0,0.0,0.0,0.001,17.6,0.23618858318894123,-2.9685607624258523,-6.666297414539372,0.0,0.0,0.0,0.0,0.0
2.740424394607544,IDLE,stop,0.0,0.0,0.5,0.0,0.0,0.0,0.001,17.6,0.18669100458970125,-3.153168478180419,-6.814280508766558,0.0,0.0,0.0,0.0,0.0
2.7604970932006836,IDLE,stop,0.0,0.0,0.5,0.0,0.0,0.0,0.001,17.6,0.1368692693515282,-3.0887111089567725,-6.885630576096162,0.0,0.0,0.0,0.0,0.0
2.7805116176605225,IDLE,stop,0.0,0.0,0.5,0.0,0.0,0.0,0.001,17.6,0.09588813870084696,-2.9981000200832852,-6.809082918550757,0.0,0.0,0.0,0.0,0.0
2.8005435466766357,IDLE,stop,0.0,0.0,0.5,0.0,0.0,0.0,0.001,17.6,0.04007039197571219,-3.2539914372669614,-6.889874485398252,0.0,0.0,0.0,0.0,0.0
2.821014881134033,IDLE,stop,0.0,0.0,0.5,0.0,0.0,0.0,0.001,17.6,-0.007950586034011695,-3.311074590155073,-7.0191131596065475,0.0,0.0,0.0,0.0,0.0
2.84066104888916,IDLE,stop,0.0,0.0,0.5,0.0,0.0,0.0,0.001,17.6,-0.05893547612377693,-3.259960859981902,-7.105695809083954,0.0,0.0,0.0,0.0,0.0
2.8606231212615967,IDLE,stop,0.0,0.0,0.5,0.0,0.0,0.0,0.001,17.6,-0.10296770305038867,-3.16055672783412,-6.957478241499075,0.0,0.0,0.0,0.0,0.0
2.8806326389312744,IDLE,stop,0.0,0.0,0.5,0.0,0.0,0.0,0.001,17.6,-0.13740257568219497,-3.1556544220213993,-7.08678357396866,0.0,0.0,0.0,0.0,0.0
2.9005837440490723,IDLE,stop,0.0,0.0,0.5,0.0,0.0,0.0,0.001,17.6,-0.16738356938457435,-3.1543063463950602,-7.139165272910304,0.0,0.0,0.0,0.0,0.0
2.920717477798462,IDLE,stop,0.0,0.0,0.5,0.0,0.0,0.0,0.001,17.6,-0.19558584611726823,-3.132492722748907,-6.93847362037252,0.0,0.0,0.0,0.0,0.0
2.9407260417938232,IDLE,stop,0.0,0.0,0.5,0.0,0.0,0.0,0.001,17.6,-0.22408588090458975,-3.255283671981431,-6.985971139870742,0.0,0.0,0.0,0.0,0.0
2.9606430530548096,ARM,stop,0.0,0.0,0.5,0.0,0.0,0.0,0.001,17.6,-0.2491597256600107,-3.1990428105440856,-7.158696728189682,0.0,0.0,0.0,0.0,0.0
2.980632781982422,ARM,stop,0.0,0.0,0.5,0.0,0.0,0.0,0.0,17.6,-0.2550930155421119,-3.0032268589866646,-7.077401131331385,0.0,0.0,0.0,0.0,0.0
3.0004501342773438,ARM,stop,0.0,0.0,0.5,0.0,0.0,0.0,0.001,17.6,-0.25201172151613344,-2.9172929581136486,-6.814016799329352,0.0,0.0,0.0,0.0,0.0
3.0206470489501953,ARM,stop,0.0,0.0,0.5,0.0,0.0,0.0,0.001,17.6,-0.24614429493674125,-2.932167398287419,-6.847662264354369,0.0,0.0,0.0,0.0,0.0
3.04056715965271,ARM,stop,0.0,0.0,0.5,0.0,0.0,0.0,0.001,17.6,-0.24347632351194307,-2.9752186948133215,-6.88117850590794,0.0,0.0,0.0,0.0,0.0
3.0606086254119873,ARM,stop,0.0,0.0,0.5,0.0,0.0,0.0,0.0,17.6,-0.24073340074721597,-2.9958383169721685,-7.049163756294661,0.0,0.0,0.0,0.0,0.0
3.0806522369384766,ARM,stop,0.0,0.0,0.5,0.0,0.0,0.0,0.001,17.6,-0.2389585869730031,-3.0147721867863027,-6.986841205597045,0.0,0.0,0.0,0.0,0.0
3.100646495819092,ARM,stop,0.0,0.0,0.5,0.0,0.0,0.0,0.002,17.6,-0.237488555340793,-2.9605687877302103,-6.7661538288372185,0.0,0.0,0.0,0.0,0.0
3.1205055713653564,ARM,stop,0.0,0.0,0.5,0.0,0.0,0.0,0.0,17.6,-0.23791542677401903,-2.909061539926796,-7.001137648478846,0.0,0.0,0.0,0.0,0.0
3.1406145095825195,ARM,stop,0.0,0.0,0.5,0.0,0.0,0.0,0.001,17.6,-0.23597063674323188,-3.014266694971525,-6.977145352187392,0.0,0.0,0.0,0.0,0.0
3.1606340408325195,ARM,stop,0.0,0.0,0.5,0.0,0.0,0.0,0.0,17.6,-0.24267409616782712,-3.0381031629591746,-6.991489157518004,0.0,0.0,0.0,0.0,0.0
3.1806063652038574,ARM,stop,0.0,0.0,0.5,0.0,0.0,0.0,0.001,17.6,-0.24925185438897066,-3.0188316164266666,-7.039364407163532,0.0,0.0,0.0,0.0,0.0
3.20060133934021,ARM,stop,0.0,0.0,0.5,0.0,0.0,0.0,0.001,17.6,-0.24919041859157387,-2.966763035896605,-7.149677982381547,0.0,0.0,0.0,0.0,0.0
3.2205851078033447,ARM,stop,0.0,0.0,0.5,0.0,0.0,0.0,0.001,17.6,-0.2435628096683434,-2.9973697028170534,-7.168167463787086,0.0,0.0,0.0,0.0,0.0
3.2405073642730713,ARM,stop,0.0,0.0,0.5,0.0,0.0,0.0,0.001,17.6,-0.24120962388439257,-2.9308190303002846,-7.024584399526589,0.0,0.0,0.0,0.0,0.0
3.260457754135132,ARM,stop,0.0,0.0,0.5,0.0,0.0,0.0,0.001,17.6,-0.23065406839056582,-2.8655608848587804,-6.972308535192781,0.0,0.0,0.0,0.0,0.0
3.2804362773895264,ARM,stop,0.0,0.0,0.5,0.0,0.0,0.0,0.0,17.6,-0.21824871449308367,-2.895310349927911,-7.053969583044989,0.0,0.0,0.0,0.0,0.0
3.300407648086548,ARM,stop,0.0,0.0,0.5,0.0,0.0,0.0,0.001,17.6,-0.20042424389621055,-2.905732427552664,-7.130802584726439,0.0,0.0,0.0,0.0,0.0
3.320439100265503,ARM,stop,0.0,0.0,0.5,0.0,0.0,0.0,0.001,17.6,-0.18245348253170804,-3.0134238187991684,-7.13981255971072,0.0,0.0,0.0,0.0,0.0
3.3406314849853516,ARM,stop,0.0,0.0,0.5,0.0,0.0,0.0,0.001,17.6,-0.16787532207985748,-2.881334626838367,-7.025319979287133,0.0,0.0,0.0,0.0,0.0
3.360520124435425,ARM,stop,0.0,0.0,0.5,0.0,0.0,0.0,0.001,17.6,-0.1511696621016835,-2.942589475912172,-7.082566561859721,0.0,0.0,0.0,0.0,0.0
3.3806216716766357,ARM,stop,0.0,0.0,0.5,0.0,0.0,0.0,0.0,17.6,-0.13539747337509592,-2.938473912999143,-7.188101792242151,0.0,0.0,0.0,0.0,0.0
3.4005579948425293,ARM,stop,0.0,0.0,0.5,0.0,0.0,0.0,0.001,17.6,-0.11421970845878476,-2.819742393406983,-7.231447203727953,0.0,0.0,0.0,0.0,0.0
3.4206724166870117,ARM,stop,0.0,0.0,0.5,0.0,0.0,0.0,0.001,17.6,-0.0878495284308757,-2.8569365337632746,-7.101858281287093,0.0,0.0,0.0,0.0,0.0
3.4406652450561523,ARM,stop,0.0,0.0,0.5,0.0,0.0,0.0,0.001,17.6,-0.0709746744996976,-2.8294341537655043,-7.173992460269233,0.0,0.0,0.0,0.0,0.0
3.46067214012146,ARM,stop,0.0,0.0,0.5,0.0,0.0,0.0,0.001,17.6,-0.04970268777625731,-2.8431292104917247,-7.288798451465198,0.0,0.0,0.0,0.0,0.0
3.480755090713501,ARM,stop,0.0,0.0,0.5,0.0,0.0,0.0,0.001,17.6,-0.03242413191333684,-2.866572160849131,-7.389272331762356,0.0,0.0,0.0,0.0,0.0
3.5005669593811035,ARM,stop,0.0,0.0,0.5,0.0,0.0,0.0,0.001,17.6,-0.01497352752161884,-2.8616701473972057,-7.389246604012385,0.0,0.0,0.0,0.0,0.0
3.5207056999206543,ARM,stop,0.0,0.0,0.5,0.0,0.0,0.0,0.001,17.6,0.0013436946770704146,-2.8791436750396713,-7.225998767949932,0.0,0.0,0.0,0.0,0.0
3.54067063331604,ARM,stop,0.0,0.0,0.5,0.0,0.0,0.0,0.0,17.6,0.018501217280565054,-2.770441007802816,-7.250287518087646,0.0,0.0,0.0,0.0,0.0
3.560598134994507,ARM,stop,0.0,0.0,0.5,0.0,0.0,0.0,0.001,17.6,0.037844813219868184,-2.7507203950889902,-7.25494950332677,0.0,0.0,0.0,0.0,0.0
3.580672264099121,ARM,stop,0.0,0.0,0.5,0.0,0.0,0.0,0.001,17.6,0.05099328476883413,-2.8325948663216423,-7.288579765590441,0.0,0.0,0.0,0.0,0.0
3.600492477416992,ARM,stop,0.0,0.0,0.5,0.0,0.0,0.0,0.001,17.6,0.05764130883086371,-2.931661906472641,-7.187638108021076,0.0,0.0,0.0,0.0,0.0
3.620504379272461,ARM,stop,0.0,0.0,0.5,0.0,0.0,0.0,0.0,17.6,0.0587028490025585,-2.832819399412301,-7.049130427164016,0.0,0.0,0.0,0.0,0.0
3.640458583831787,ARM,stop,0.0,0.0,0.5,0.0,0.0,0.0,0.0,17.6,0.06289071975097854,-2.7895435697957396,-7.111363515458322,0.0,0.0,0.0,0.0,0.0
3.660418748855591,ARM,stop,0.0,0.0,0.5,0.0,0.0,0.0,0.001,17.6,0.06505492928845302,-2.8748032866751885,-7.135091517590979,0.0,0.0,0.0,0.0,0.0
3.680462598800659,ARM,stop,0.0,0.0,0.5,0.0,0.0,0.0,0.001,17.6,0.06279207043853713,-2.841500176141267,-7.010603706303527,0.0,0.0,0.0,0.0,0.0
3.700563907623291,ARM,stop,0.0,0.0,0.5,0.0,0.0,0.0,0.0,17.6,0.05825853802538161,-2.8844953393945048,-7.0105768091103755,0.0,0.0,0.0,0.0,0.0
3.7204337120056152,ARM,stop,0.0,0.0,0.5,0.0,0.0,0.0,0.001,17.6,0.049563429418381384,-2.9471546897281087,-7.068144988557606,0.0,0.0,0.0,0.0,0.0
3.7404091358184814,ARM,stop,0.0,0.0,0.5,0.0,0.0,0.0,0.001,17.6,0.03681501876060499,-2.950483802102241,-7.039069707482042,0.0,0.0,0.0,0.0,0.0
3.760410785675049,ARM,stop,0.0,0.0,0.5,0.0,0.0,0.0,0.001,17.6,0.02609313013135137,-2.9229814221044705,-7.010614231292152,0.0,0.0,0.0,0.0,0.0
3.7804226875305176,ARM,stop,0.0,0.0,0.5,0.0,0.0,0.0,0.001,17.6,0.016455687980059124,-2.9378558622782407,-7.111320246060643,0.0,0.0,0.0,0.0,0.0
3.8004729747772217,ARM,stop,0.0,0.0,0.5,0.0,0.0,0.0,0.001,17.6,0.003624506067543599,-2.9566216246351757,-7.111229614214153,0.0,0.0,0.0,0.0,0.0
3.820533037185669,ARM,stop,0.0,0.0,0.5,0.0,0.0,0.0,0.001,17.6,-0.0041113527207561,-2.9960631424236226,-6.991734740585912,0.0,0.0,0.0,0.0,0.0
3.8406474590301514,ARM,stop,0.0,0.0,0.5,0.0,0.0,0.0,0.001,17.6,-0.015082077343472092,-3.013760910795952,-6.981819616579912,0.0,0.0,0.0,0.0,0.0
3.860572099685669,ARM,stop,0.0,0.0,0.5,0.0,0.0,0.0,0.001,17.6,-0.0205079632573994,-2.889846711388543,-7.020285526395014,0.0,0.0,0.0,0.0,0.0
3.880499839782715,ARM,stop,0.0,0.0,0.5,0.0,0.0,0.0,0.001,17.6,-0.02048115479595747,-2.8757022961202097,-7.039497138964521,0.0,0.0,0.0,0.0,0.0
3.9004387855529785,ARM,stop,0.0,0.0,0.5,0.0,0.0,0.0,0.001,17.6,-0.021628070086535313,-2.9699795893646126,-7.034356266742975,0.0,0.0,0.0,0.0,0.0
3.920682191848755,ARM,stop,0.0,0.0,0.5,0.0,0.0,0.0,0.001,17.6,-0.024847580092494315,-2.932392223738873,-7.015365094212996,0.0,0.0,0.0,0.0,0.0
3.940532684326172,ARM,stop,0.0,0.0,0.5,0.0,0.0,0.0,0.0,17.6,-0.01950446335271153,-2.8413879095959373,-7.044108253425293,0.0,0.0,0.0,0.0,0.0
3.9605696201324463,ARM,stop,0.0,0.0,0.5,0.0,0.0,0.0,0.001,17.6,-0.015114091452607285,-2.9902059862540113,-7.106451269378567,0.0,0.0,0.0,0.0,0.0
3.9806180000305176,spool,drive,0.009987473487854004,0.0,0.5,35.71520519256592,0.0,0.0,0.0,17.6,-0.0179541020435273,-2.965133709185352,-7.144514306017982,0.0,0.0,0.0,0.0,0.0
4.001180171966553,spool,drive,0.020268559455871582,0.0,0.5,72.48036861419678,0.0,0.0,0.001,17.6,-0.017589960537540198,-2.9412414002858327,-7.0439375147209375,0.0,0.0,0.0,0.0,0.0
4.020585536956787,spool,drive,0.02997124195098877,0.0,0.5,107.17716121673584,0.0,0.0,0.001,17.6,-0.01634413481989843,-2.945469229744191,-7.072548526853836,0.0,0.0,0.0,0.0,0.0
4.040550708770752,spool,drive,0.03995382785797119,0.0,0.5,142.87488842010498,0.0,0.0,0.001,17.6,-0.007556623365599513,-2.8977968784904817,-7.154031819342606,0.0,0.0,0.0,0.0,0.0
4.0605714321136475,spool,drive,0.049964189529418945,0.0,0.5,178.67194175720215,0.0,0.0,0.001,17.6,-0.0020117855670709704,-2.9230936886498,-7.063330390983424,0.0,0.0,0.0,0.0,0.0
4.080618143081665,spool,drive,0.059987545013427734,0.0,0.5,214.51546096801758,0.0,0.0,0.001,17.6,-0.0031212211565323144,-2.932335798105413,-6.967452422385691,0.0,0.0,0.0,0.0,0.0
4.100565195083618,spool,drive,0.0699610710144043,0.0,0.5,250.18078994750977,0.0,0.0,0.001,17.6,0.0008808038600638544,-2.803968943788192,-7.001204891461725,0.0,0.0,0.0,0.0,0.0
4.120532274246216,spool,drive,0.07994461059570312,0.0,0.5,285.8819274902344,0.0,0.0,0.001,17.6,0.004917447370087801,-2.9383616464538136,-7.101855942400732,0.0,0.0,0.0,0.0,0.0
4.140537261962891,spool,drive,0.08994710445404053,0.0,0.5,321.6508455276489,0.0,0.0,0.001,17.6,-0.005899707524784992,-2.952337661904153,-7.034704760810769,0.0,0.0,0.0,0.0,0.0
4.160515785217285,spool,drive,0.09993636608123779,0.0,0.5,357.37244510650635,0.0,0.0,0.001,17.6,-0.009039567688055958,-2.8931193981292154,-7.043887228664175,0.0,0.0,0.0,0.0,0.0
4.180547714233398,spool,drive,0.10995233058929443,0.0,0.5,393.1895341873169,0.0,0.0,0.001,17.6,-0.006939125774378008,-2.9137390202880624,-7.058591807215976,0.0,0.0,0.0,0.0,0.0
4.200515508651733,spool,drive,0.11993622779846191,0.0,0.5,428.8919506072998,0.0,0.0,0.001,17.6,-0.015449952476471806,-2.9614113715417716,-7.139969265096909,0.0,0.0,0.0,0.0,0.0
4.220515966415405,spool,drive,0.12993645668029785,0.0,0.5,464.6527690887451,0.0,0.0,0.0,17.6,-0.018561962320554078,-2.9600632959154325,-7.019909550412478,0.0,0.0,0.0,0.0,0.0
4.2405149936676025,spool,drive,0.13993597030639648,0.0,0.5,500.4110298156738,0.0,0.0,0.001,17.6,-0.022837028708133596,-2.908443781566689,-7.063266071608496,0.0,0.0,0.0,0.0,0.0
4.260528087615967,spool,drive,0.1499425172805786,0.0,0.5,536.1944417953491,0.0,0.0,0.0,17.6,-0.021559445834789935,-2.9317180397453058,-7.1445412032111335,0.0,0.0,0.0,0.0,0.0
4.280493259429932,spool,drive,0.15992510318756104,0.0,0.5,571.8921689987183,0.0,0.0,0.001,17.6,-0.02032507275013281,-2.9552735490088367,-7.043859746749433,0.0,0.0,0.0,0.0,0.0
4.300508975982666,spool,drive,0.16993296146392822,0.0,0.5,607.6802701950073,0.0,0.0,0.001,17.6,-0.025929516333068826,-2.9571835420834134,-6.958076996407499,0.0,0.0,0.0,0.0,0.0
4.320462226867676,spool,drive,0.1799095869064331,0.0,0.5,643.3566827774048,0.0,0.0,0.001,17.6,-0.030466951941696987,-2.9792781244536855,-7.082191755320366,0.0,0.0,0.0,0.0,0.0
4.340551853179932,spool,drive,0.18995440006256104,0.0,0.5,679.2769346237183,0.0,0.0,0.001,17.6,-0.03377183290534984,-3.013817336429412,-7.082423305070108,0.0,0.0,0.0,0.0,0.0
4.36050009727478,spool,drive,0.19992852210998535,0.0,0.5,714.9443950653076,0.0,0.0,0.001,17.6,-0.04130571173091305,-3.0605906782381,-7.010313099673169,0.0,0.0,0.0,0.0,0.0
4.3805458545684814,spool,drive,0.20995140075683594,0.0,0.5,750.7862091064453,0.0,0.0,0.001,17.6,-0.044602006080645004,-2.994995733160607,-7.096871190843785,0.0,0.0,0.0,0.0,0.0
4.4005255699157715,spool,drive,0.21994125843048096,0.0,0.5,786.5099401473999,0.0,0.0,0.002,17.6,-0.04469414729317254,-2.9714402238970763,-7.144862215364185,0.0,0.0,0.0,0.0,0.0
4.42065691947937,spool,drive,0.23000693321228027,0.0,0.5,822.5047931671143,0.0,0.0,0.001,17.6,-0.03942963957862832,-2.9576329006255264,-7.101881085429113,0.0,0.0,0.0,0.0,0.0
4.44067645072937,spool,drive,0.24001669883728027,0.0,0.5,858.2997150421143,0.0,0.0,0.001,17.6,-0.03640795042679717,-2.91424451210284,-7.058707582090847,0.0,0.0,0.0,0.0,0.0
4.460551977157593,spool,drive,0.2499544620513916,0.0,0.5,893.8371562957764,0.0,0.0,0.001,17.6,-0.029177563774583713,-2.894130674119566,-7.058489480937681,0.0,0.0,0.0,0.0,0.0
4.480520963668823,spool,drive,0.25993895530700684,0.0,0.5,929.5417041778564,0.0,0.0,0.001,17.6,-0.01978791523885843,-2.9481095400849995,-7.145004302710618,0.0,0.0,0.0,0.0,0.0
4.500515937805176,spool,drive,0.2699364423751831,0.0,0.5,965.2927179336548,0.0,0.0,0.0,17.6,-0.01672874417527901,-3.018719349881337,-7.020178522343997,0.0,0.0,0.0,0.0,0.0
4.5205113887786865,spool,drive,0.2799341678619385,0.0,0.5,1001.044584274292,0.0,-0.1,0.0,17.6,-0.018899203818936776,-3.0749037856852226,-6.94323968605471,0.0,0.0,0.0,0.0,0.0
4.540537595748901,spool,drive,0.2899472713470459,0.0,0.5,1036.8514423370361,0.0,1.84,0.037,17.6,-0.018714661319556496,-2.922419504656233,-7.106285208446934,0.0,0.0,0.0,0.0,0.0
4.5605034828186035,spool,drive,0.299930214881897,0.0,0.5,1072.5504484176636,328.0,8.32,-0.015,17.6,-0.00771842704657864,-2.818337892147184,-7.097005092087954,0.0,0.0,0.0,0.0,0.0
4.580603122711182,spool,drive,0.30998003482818604,0.0,0.5,1108.4886045455933,463.0,6.86,0.044,17.6,-0.004511149376431238,-2.9104806592263515,-7.000365231258115,0.0,0.0,0.0,0.0,0.0
4.600554704666138,spool,drive,0.31995582580566406,0.0,0.5,1144.1620330810547,745.0,1.38,0.028,17.6,-0.006384359670841429,-2.947266956273438,-6.986740633483521,0.0,0.0,0.0,0.0,0.0
4.620583772659302,spool,drive,0.3299703598022461,0.0,0.5,1179.974006652832,935.0,3.01,0.027,17.6,-0.003291610931283694,-2.8460650975964086,-7.010551666081994,0.0,0.0,0.0,0.0,0.0
4.64051365852356,spool,drive,0.339935302734375,0.0,0.5,1215.608642578125,1080.0,-0.4,0.022,17.6,0.004131904314082295,-2.736126621278544,-7.053717568039588,0.0,0.0,0.0,0.0,0.0
4.660502672195435,spool,drive,0.3499298095703125,0.0,0.5,1251.3489990234375,1123.0,1.19,0.032,17.6,0.012732269404857001,-2.8119194032509256,-7.082261337189607,0.0,0.0,0.0,0.0,0.0
4.680445194244385,spool,drive,0.3599010705947876,0.0,0.5,1287.0062284469604,1206.0,0.79,0.024,17.6,0.008836961466344375,-3.016247439358523,-6.9812916129839095,0.0,0.0,0.0,0.0,0.0
4.700515985488892,spool,drive,0.369936466217041,0.0,0.5,1322.8928031921387,1236.0,0.91,0.032,17.6,-0.0006031848558640247,-2.9978190613591664,-6.96229927101075,0.0,0.0,0.0,0.0,0.0
4.7206549644470215,spool,drive,0.38000595569610596,0.0,0.5,1358.901297569275,1292.0,1.03,0.023,17.6,-0.0038466402300373786,-2.847638291034997,-7.14503295406854,0.0,0.0,0.0,0.0,0.0
4.740684747695923,spool,drive,0.39002084732055664,0.0,0.5,1394.7145500183105,1260.0,1.39,0.036,17.6,0.005832447102800979,-2.912952569749166,-7.230851957149071,0.0,0.0,0.0,0.0,0.0
4.760494947433472,spool,drive,0.39992594718933105,0.0,0.5,1430.1351871490479,1350.0,1.28,0.021,17.6,0.002799562791567133,-3.0380467373257147,-7.20223743668663,0.0,0.0,0.0,0.0,0.0
4.780632734298706,spool,drive,0.40999484062194824,0.0,0.5,1466.141550064087,1335.0,1.19,0.036,17.6,-0.007563653694758403,-3.0188877496993314,-7.183077864338657,0.0,0.0,0.0,0.0,0.0
4.8006885051727295,spool,drive,0.42002272605895996,0.0,0.5,1502.0012683868408,1415.0,1.71,0.024,17.6,-0.005094907005295501,-2.803463451973414,-7.235800455967421,0.0,0.0,0.0,0.0,0.0
4.820648908615112,spool,drive,0.43000292778015137,0.0,0.5,1537.6904697418213,1392.0,1.18,0.036,17.6,0.0014864857545427348,-2.8223411885148835,-7.053714644431636,0.0,0.0,0.0,0.0,0.0
4.840530633926392,spool,drive,0.439943790435791,0.0,0.5,1573.2389945983887,1459.0,1.89,0.029,17.6,0.00035206238646233505,-2.92698471847217,-7.067913438807864,0.0,0.0,0.0,0.0,0.0
4.860501527786255,spool,drive,0.44992923736572266,0.0,0.5,1608.9469528198242,1448.0,2.24,0.035,17.6,0.0013441097556934386,-2.8956474419246945,-7.0827870018992485,0.0,0.0,0.0,0.0,0.0
4.880429267883301,spool,drive,0.4598931074142456,0.0,0.5,1644.5777521133423,1493.0,2.05,0.035,17.6,-0.006271756850704215,-2.957745459531651,-7.1114868917138665,0.0,0.0,0.0,0.0,0.0
4.900457143783569,spool,drive,0.4699070453643799,0.0,0.5,1680.3875942230225,1550.0,1.51,0.04,17.6,-0.018159824995952114,-2.9626474729835763,-7.192942702287894,0.0,0.0,0.0,0.0,0.0
4.920442581176758,spool,drive,0.4798997640609741,0.0,0.5,1716.1215562820435,1589.0,1.55,0.036,17.6,-0.021446746267003748,-2.904552751744319,-7.049102360527684,0.0,0.0,0.0,0.0,0.0
4.9404168128967285,spool,drive,0.4898868799209595,0.0,0.5,1751.835482597351,1646.0,1.69,0.036,17.6,-0.01948659936746198,-2.828310611229824,-7.07793498214329,0.0,0.0,0.0,0.0,0.0
4.960437297821045,spool,drive,0.4998971223831177,0.0,0.5,1787.6321096420288,1675.0,1.42,0.038,17.6,-0.013070488782702462,-2.845952831051079,-7.2069169635734625,0.0,0.0,0.0,0.0,0.0
4.980434417724609,hold,drive,0.5,0.0,0.5,1788.0,1734.0,1.77,0.033,17.6,-0.007720605429126541,-2.8471886401320887,-7.058709920977208,0.0,0.0,0.0,0.0,0.0
5.000440359115601,hold,drive,0.5,0.0,0.5,1788.0,1731.0,1.33,0.042,17.6,-0.001607207054815487,-2.833381316860539,-7.025308869576918,0.0,0.0,0.0,0.0,0.0
5.0205512046813965,hold,drive,0.5,0.0,0.5,1788.0,1758.0,1.36,0.033,17.6,0.002432558907556848,-2.950652201920235,-7.0199481420374354,0.0,0.0,0.0,0.0,0.0
5.040489435195923,hold,drive,0.5,0.0,0.5,1788.0,1742.0,1.47,0.041,17.6,0.001079233873279908,-2.851641295041901,-7.001152266518602,0.0,0.0,0.0,0.0,0.0
5.060435056686401,hold,drive,0.5,0.0,0.5,1788.0,1765.0,1.19,0.036,17.6,0.004930553035483434,-2.742264736172274,-6.948645437156642,0.0,0.0,0.0,0.0,0.0
5.080495595932007,hold,drive,0.5,0.0,0.5,1788.0,1766.0,1.3,0.035,17.6,0.014993138166036453,-2.771115191796383,-6.934300462382851,0.0,0.0,0.0,0.0,0.0
5.100507020950317,hold,drive,0.5,0.0,0.5,1788.0,1743.0,1.15,0.04,17.6,0.01537793685552578,-2.8856750152028496,-6.891096553521891,0.0,0.0,0.0,0.0,0.0
5.120536804199219,hold,drive,0.5,0.0,0.5,1788.0,1765.0,1.45,0.034,17.6,0.01182500116168346,-2.9327293157356564,-7.001072744382327,0.0,0.0,0.0,0.0,0.0
5.1405205726623535,hold,drive,0.5,0.0,0.5,1788.0,1756.0,1.14,0.04,17.6,0.004241930317805397,-2.956790316813965,-7.005887341956509,0.0,0.0,0.0,0.0,0.0
5.1604719161987305,hold,drive,0.5,0.0,0.5,1788.0,1771.0,1.31,0.035,17.6,-0.00011954986049345618,-2.8937374488501177,-7.0775590061607545,0.0,0.0,0.0,0.0,0.0
5.1806347370147705,hold,drive,0.5,0.0,0.5,1788.0,1755.0,1.39,0.039,17.6,0.002223218321268457,-2.8422866266801634,-7.221544943596939,0.0,0.0,0.0,0.0,0.0
5.200554132461548,hold,drive,0.5,0.0,0.5,1788.0,1741.0,1.33,0.04,17.6,0.004852301872516339,-2.914076112284846,-7.25985005497472,0.0,0.0,0.0,0.0,0.0
5.220506429672241,hold,drive,0.5,0.0,0.5,1788.0,1770.0,1.6,0.032,17.6,5.604728494359277e-05,-2.9090054066541313,-7.192725770577908,0.0,0.0,0.0,0.0,0.0
5.2404866218566895,hold,drive,0.5,0.0,0.5,1788.0,1755.0,1.04,0.041,17.6,0.0069430170064316956,-2.842398893225493,-7.279051142555602,0.0,0.0,0.0,0.0,0.0
5.260403156280518,hold,drive,0.5,0.0,0.5,1788.0,1769.0,1.4,0.035,17.6,0.02323290968476848,-2.803968943788192,-7.346086549270694,0.0,0.0,0.0,0.0,0.0
5.2804577350616455,hold,drive,0.5,0.0,0.5,1788.0,1764.0,1.28,0.039,17.6,0.032190649667737145,-2.928557619549963,-7.269455276537883,0.0,0.0,0.0,0.0,0.0
5.300518035888672,hold,drive,0.5,0.0,0.5,1788.0,1757.0,1.31,0.036,17.6,0.038066309159967913,-2.889846711388543,-7.235836123984427,0.0,0.0,0.0,0.0,0.0
5.320407152175903,hold,drive,0.5,0.0,0.5,1788.0,1776.0,1.5,0.035,17.6,0.049063058900258326,-2.798448879615364,-7.1543189176434225,0.0,0.0,0.0,0.0,0.0
5.340473651885986,hold,drive,0.5,0.0,0.5,1788.0,1760.0,1.08,0.04,17.6,0.05756425609038715,-2.852540304486922,-7.058838559727064,0.0,0.0,0.0,0.0,0.0
5.360696315765381,hold,drive,0.5,0.0,0.5,1788.0,1774.0,1.44,0.034,17.6,0.05953117116416801,-2.91925908446089,-7.058759037590789,0.0,0.0,0.0,0.0,0.0
5.3804991245269775,hold,drive,0.5,0.0,0.5,1788.0,1760.0,1.31,0.04,17.6,0.06265749757970406,-2.9096795906476984,-7.149769783671218,0.0,0.0,0.0,0.0,0.0
5.400457143783569,hold,drive,0.5,0.0,0.5,1788.0,1772.0,1.26,0.036,17.6,0.06147986855161704,-2.957689033898191,-7.1593738357912,0.0,0.0,0.0,0.0,0.0
5.420477628707886,hold,drive,0.5,0.0,0.5,1788.0,1767.0,1.4,0.037,17.6,0.05624529227101179,-2.9566780502686356,-7.1208219719023305,0.0,0.0,0.0,0.0,0.0
5.440739393234253,hold,drive,0.5,0.0,0.5,1788.0,1743.0,1.34,0.041,17.6,0.05209230061049337,-2.969136713192256,-7.029373269350799,0.0,0.0,0.0,0.0,0.0
5.461653470993042,hold,drive,0.5,0.0,0.5,1788.0,1771.0,1.49,0.034,17.6,0.04770192558949723,-2.965414667909471,-6.914657325279734,0.0,0.0,0.0,0.0,0.0
5.480556011199951,hold,drive,0.5,0.0,0.5,1788.0,1756.0,1.26,0.041,17.6,0.041014857089173566,-2.9336280328198825,-7.039598295799635,0.0,0.0,0.0,0.0,0.0
5.5006420612335205,hold,drive,0.5,0.0,0.5,1788.0,1767.0,1.42,0.036,17.6,0.03642068366575911,-2.9581386848010993,-7.049306428362684,0.0,0.0,0.0,0.0,0.0
5.520695924758911,hold,drive,0.5,0.0,0.5,1788.0,1760.0,1.48,0.039,17.6,0.034022213740303925,-2.923318514101254,-7.02985157161163,0.0,0.0,0.0,0.0,0.0
5.540674924850464,hold,drive,0.5,0.0,0.5,1788.0,1755.0,1.17,0.04,17.6,0.026320973965580655,-2.9699231637311527,-6.972073477113497,0.0,0.0,0.0,0.0,0.0
5.561873912811279,hold,drive,0.5,0.0,0.5,1788.0,1773.0,1.56,0.033,17.6,0.026029713607893853,-2.871080949031608,-6.967685726300203,0.0,0.0,0.0,0.0,0.0
5.580657005310059,hold,drive,0.5,0.0,0.5,1788.0,1756.0,1.31,0.041,17.6,0.031314263690235516,-2.8318084157827457,-7.13032896023833,0.0,0.0,0.0,0.0,0.0
5.600665807723999,hold,drive,0.5,0.0,0.5,1788.0,1777.0,1.32,0.034,17.6,0.03683827564706194,-2.878525624318769,-7.048626397153214,0.0,0.0,0.0,0.0,0.0
5.62041163444519,hold,drive,0.5,0.0,0.5,1788.0,1771.0,1.29,0.039,17.6,0.042343029620255726,-2.8827537461379222,-6.895217086568437,0.0,0.0,0.0,0.0,0.0
5.640440464019775,hold,drive,0.5,0.0,0.5,1788.0,1764.0,1.25,0.037,17.6,0.0432333035667232,-2.8368226957800005,-6.895669076357706,0.0,0.0,0.0,0.0,0.0
5.66045355796814,hold,drive,0.5,0.0,0.5,1788.0,1782.0,1.44,0.035,17.6,0.05057508941509683,-2.7808066597941092,-7.054076002374416,0.0,0.0,0.0,0.0,0.0
5.68044900894165,hold,drive,0.5,0.0,0.5,1788.0,1764.0,1.17,0.04,17.6,0.0558356939341684,-2.946143413737758,-6.9625325749252625,0.0,0.0,0.0,0.0,0.0
5.700500249862671,hold,drive,0.5,0.0,0.5,1788.0,1775.0,1.48,0.034,17.6,0.05135005680874227,-2.946367946828417,-6.9051035592165135,0.0,0.0,0.0,0.0,0.0
5.720474004745483,hold,drive,0.5,0.0,0.5,1788.0,1762.0,1.39,0.04,17.6,0.04705000456059185,-2.9279959944625205,-7.096885808883542,0.0,0.0,0.0,0.0,0.0
5.740440845489502,hold,drive,0.5,0.0,0.5,1788.0,1781.0,1.19,0.036,17.6,0.04095977126650096,-2.978884899184237,-7.086891747462857,0.0,0.0,0.0,0.0,0.0
5.760504245758057,hold,drive,0.5,0.0,0.5,1788.0,1777.0,1.38,0.037,17.6,0.03278914102727282,-2.937294237190798,-7.144721297460933,0.0,0.0,0.0,0.0,0.0
5.780537366867065,hold,drive,0.5,0.0,0.5,1788.0,1756.0,1.29,0.041,17.6,0.025704778826579764,-3.0088588973440267,-7.106334325060516,0.0,0.0,0.0,0.0,0.0
5.800648927688599,hold,drive,0.5,0.0,0.5,1788.0,1777.0,1.42,0.035,17.6,0.009080062300787374,-3.0508989178795787,-7.086928584923044,0.0,0.0,0.0,0.0,0.0
5.820492744445801,hold,drive,0.5,0.0,0.5,1788.0,1764.0,1.37,0.041,17.6,0.0010333256834322282,-2.902698891942407,-7.096577075883886,0.0,0.0,0.0,0.0,0.0
5.840607404708862,hold,drive,0.5,0.0,0.5,1788.0,1788.0,1.2,0.035,17.6,-0.007301807223103418,-2.870912549213614,-7.073027413836257,0.0,0.0,0.0,0.0,0.0
5.86143946647644,hold,drive,0.5,0.0,0.5,1788.0,1786.0,1.34,0.038,17.6,-0.012503847165328461,-2.9189219924641066,-7.1401119371649315,0.0,0.0,0.0,0.0,0.0
5.880777359008789,hold,drive,0.5,0.0,0.5,1788.0,1771.0,1.13,0.04,17.6,-0.024145945336177723,-2.9761735451702123,-7.063418683943553,0.0,0.0,0.0,0.0,0.0
5.90054178237915,hold,drive,0.5,0.0,0.5,1788.0,1781.0,1.46,0.034,17.6,-0.03825106596059216,-2.8481437828497747,-7.049348528317182,0.0,0.0,0.0,0.0,0.0
5.920526027679443,hold,drive,0.5,0.0,0.5,1788.0,1766.0,1.28,0.041,17.6,-0.03734855395667793,-2.808197065607345,-7.063346763187951,0.0,0.0,0.0,0.0,0.0
5.94071888923645,hold,drive,0.5,0.0,0.5,1788.0,1784.0,1.34,0.035,17.6,-0.045920287464991036,-2.803968943788192,-6.962885162044188,0.0,0.0,0.0,0.0,0.0
5.961364269256592,hold,drive,0.5,0.0,0.5,1788.0,1776.0,1.34,0.039,17.6,-0.05347758962457933,-2.8308532730650597,-6.91455850733098,0.0,0.0,0.0,0.0,0.0
5.980655193328857,hold,drive,0.5,0.0,0.5,1788.0,1763.0,1.26,0.04,17.6,-0.0643892264009065,-2.733921051440092,-7.0447292277541465,0.0,0.0,0.0,0.0,0.0
6.000645399093628,hold,drive,0.5,0.0,0.5,1788.0,1782.0,1.55,0.034,17.6,-0.06780811354575535,-2.7624344150674176,-7.097367034752324,0.0,0.0,0.0,0.0,0.0
6.020633697509766,hold,drive,0.5,0.0,0.5,1788.0,1769.0,1.09,0.041,17.6,-0.07640378637555474,-2.8560375243182534,-7.068122184415586,0.0,0.0,0.0,0.0,0.0
6.040599346160889,hold,drive,0.5,0.0,0.5,1788.0,1789.0,1.36,0.034,17.6,-0.08808831411211493,-2.794670408699119,-7.044380148964763,0.0,0.0,0.0,0.0,0.0
6.061111211776733,hold,drive,0.5,0.0,0.5,1788.0,1773.0,1.28,0.039,17.6,-0.09245395918567617,-2.866122802307018,-7.025127605883938,0.0,0.0,0.0,0.0,0.0
6.080517053604126,hold,drive,0.5,0.0,0.5,1788.0,1766.0,1.26,0.039,17.6,-0.09998730954021055,-2.8257679493945886,-7.2940013041753105,0.0,0.0,0.0,0.0,0.0
6.100690603256226,hold,drive,0.5,0.0,0.5,1788.0,1778.0,1.52,0.035,17.6,-0.10837242203513636,-2.973350216971653,-7.346480066900938,0.0,0.0,0.0,0.0,0.0
6.120584487915039,hold,drive,0.5,0.0,0.5,1788.0,1764.0,1.4,0.041,17.6,-0.11564809490944877,-2.9569587166319593,-7.231057194427251,0.0,0.0,0.0,0.0,0.0
6.140476703643799,hold,drive,0.5,0.0,0.5,1788.0,1779.0,1.4,0.034,17.6,-0.12185753795183434,-2.812986812513941,-7.053766684653169,0.0,0.0,0.0,0.0,0.0
6.161182641983032,hold,drive,0.5,0.0,0.5,1788.0,1775.0,1.44,0.039,17.6,-0.11852948540610318,-2.7219822060102103,-7.072929180609094,0.0,0.0,0.0,0.0,0.0
6.180480241775513,hold,drive,0.5,0.0,0.5,1788.0,1772.0,1.25,0.037,17.6,-0.11214721153134989,-2.761479564710527,-7.164208898621041,0.0,0.0,0.0,0.0,0.0
6.200458526611328,hold,drive,0.5,0.0,0.5,1788.0,1787.0,1.47,0.036,17.6,-0.10481297408019095,-2.7760733385209733,-7.130729494527657,0.0,0.0,0.0,0.0,0.0
6.220463037490845,hold,drive,0.5,0.0,0.5,1788.0,1770.0,1.2,0.041,17.6,-0.0987016602015964,-2.7530236134330153,-6.996815386483661,0.0,0.0,0.0,0.0,0.0
6.240463972091675,hold,drive,0.5,0.0,0.5,1788.0,1788.0,1.41,0.033,17.6,-0.09362846316067155,-2.9101289491898115,-7.250462934564723,0.0,0.0,0.0,0.0,0.0
6.260627746582031,hold,drive,0.5,0.0,0.5,1788.0,1774.0,1.27,0.04,17.6,-0.08514627012163395,-2.8606027381341903,-7.202191243681,0.0,0.0,0.0,0.0,0.0
6.2806878089904785,hold,drive,0.5,0.0,0.5,1788.0,1788.0,1.26,0.036,17.6,-0.07231586739179674,-2.7217573805587563,-7.135148235585234,0.0,0.0,0.0,0.0,0.0
6.300485134124756,hold,drive,0.5,0.0,0.5,1788.0,1783.0,1.42,0.037,17.6,-0.05837811811951537,-2.697359579844459,-6.986554692017819,0.0,0.0,0.0,0.0,0.0
6.3207056522369385,hold,drive,0.5,0.0,0.5,1788.0,1762.0,1.24,0.041,17.6,-0.0413101309138469,-2.716855367106831,-7.015372110872079,0.0,0.0,0.0,0.0,0.0
6.340620040893555,hold,drive,0.5,0.0,0.5,1788.0,1787.0,1.45,0.034,17.6,-0.016889689610984967,-2.627761046038472,-7.236153627807937,0.0,0.0,0.0,0.0,0.0
6.3605334758758545,hold,drive,0.5,0.0,0.5,1788.0,1776.0,1.33,0.041,17.6,0.008540237467233711,-2.6288284553014876,-7.226817962897883,0.0,0.0,0.0,0.0,0.0
6.380449533462524,hold,drive,0.5,0.0,0.5,1788.0,1795.0,1.26,0.035,17.6,0.023546301327232753,-2.916899440483405,-7.110908602061102,0.0,0.0,0.0,0.0,0.0
6.40043044090271,hold,drive,0.5,0.0,0.5,1788.0,1787.0,1.33,0.039,17.6,0.02806889813516213,-2.8989765542988266,-7.22615313444976,0.0,0.0,0.0,0.0,0.0
6.42052698135376,hold,drive,0.5,0.0,0.5,1788.0,1771.0,1.25,0.04,17.6,0.03482754325097088,-2.909061539926796,-7.302908952881296,0.0,0.0,0.0,0.0,0.0
6.4407525062561035,hold,drive,0.5,0.0,0.5,1788.0,1784.0,1.56,0.034,17.6,0.035984607682015446,-3.0276246597009617,-7.043973182737943,0.0,0.0,0.0,0.0,0.0
6.460495710372925,hold,drive,0.5,0.0,0.5,1788.0,1766.0,1.37,0.041,17.6,0.02738190036186796,-2.9367323197425605,-6.972151245085001,0.0,0.0,0.0,0.0,0.0
6.4804627895355225,hold,drive,0.5,0.0,0.5,1788.0,1786.0,1.33,0.036,17.6,0.034782768855143927,-2.76954229071859,-7.0824309064507815,0.0,0.0,0.0,0.0,0.0
6.5004847049713135,hold,drive,0.5,0.0,0.5,1788.0,1781.0,1.38,0.039,17.6,0.04322644176572704,-2.780132475800542,-7.0539216358745875,0.0,0.0,0.0,0.0,0.0
6.520431280136108,hold,drive,0.5,0.0,0.5,1788.0,1774.0,1.12,0.04,17.6,0.05038784838451825,-2.7904987125134255,-7.054101730124387,0.0,0.0,0.0,0.0,0.0
6.54050612449646,hold,drive,0.5,0.0,0.5,1788.0,1790.0,1.46,0.034,17.6,0.053223170355503495,-2.802564442528393,-6.952982901913174,0.0,0.0,0.0,0.0,0.0
6.560481309890747,hold,drive,0.5,0.0,0.5,1788.0,1769.0,1.3,0.042,17.6,0.05813681491880818,-2.7669996288833545,-7.03983510804369,0.0,0.0,0.0,0.0,0.0
6.580432176589966,hold,drive,0.5,0.0,0.5,1788.0,1791.0,1.31,0.034,17.6,0.05801109707059962,-2.933234807550434,-7.135309034022555,0.0,0.0,0.0,0.0,0.0
6.600451707839966,hold,drive,0.5,0.0,0.5,1788.0,1777.0,1.32,0.04,17.6,0.05184225475127016,-2.897740452857022,-6.976788087295745,0.0,0.0,0.0,0.0,0.0
6.62044358253479,hold,drive,0.5,0.0,0.5,1788.0,1776.0,1.19,0.04,17.6,0.047479734730800555,-2.7449193721920437,-6.81403551042024,0.0,0.0,0.0,0.0,0.0
6.6405017375946045,hold,drive,0.5,0.0,0.5,1788.0,1789.0,1.51,0.033,17.6,0.05164600058487733,-2.5608732815249198,-6.987113101136515,0.0,0.0,0.0,0.0,0.0
6.660518407821655,hold,drive,0.5,0.0,0.5,1788.0,1770.0,1.28,0.041,17.6,0.0646500122894633,-2.6419051689460105,-7.1834111556451035,0.0,0.0,0.0,0.0,0.0
6.680513143539429,hold,drive,0.5,0.0,0.5,1788.0,1791.0,1.31,0.035,17.6,0.061688968309080286,-2.9315493475665164,-7.000802018286038,0.0,0.0,0.0,0.0,0.0
6.70052170753479,hold,drive,0.5,0.0,0.5,1788.0,1788.0,1.24,0.038,17.6,0.043586771622403965,-2.928052127735185,-6.9867283543301255,0.0,0.0,0.0,0.0,0.0
6.720604658126831,hold,drive,0.5,0.0,0.5,1788.0,1770.0,1.27,0.038,17.6,0.03621114698342952,-2.7336962259886377,-7.17400824775217,0.0,0.0,0.0,0.0,0.0
6.740508556365967,hold,drive,0.5,0.0,0.5,1788.0,1796.0,1.56,0.035,17.6,0.03308664732995369,-2.819573993588989,-7.164348647081113,0.0,0.0,0.0,0.0,0.0
6.76050877571106,hold,drive,0.5,0.0,0.5,1788.0,1769.0,1.27,0.041,17.6,0.023567373589358006,-3.000010013157862,-7.0586023322046,0.0,0.0,0.0,0.0,0.0
6.780591011047363,hold,drive,0.5,0.0,0.5,1788.0,1790.0,1.5,0.033,17.6,0.013839353792381345,-2.742489269262933,-6.939116814121803,0.0,0.0,0.0,0.0,0.0
6.800606727600098,hold,drive,0.5,0.0,0.5,1788.0,1774.0,1.27,0.04,17.6,0.021248292912117005,-2.708062323832536,-7.07303267633057,0.0,0.0,0.0,0.0,0.0
6.820584297180176,hold,drive,0.5,0.0,0.5,1788.0,1780.0,1.3,0.037,17.6,0.022587303260479027,-2.8511358032271232,-7.163897242013434,0.0,0.0,0.0,0.0,0.0
6.840605974197388,hold,drive,0.5,0.0,0.5,1788.0,1788.0,1.49,0.035,17.6,0.015211680702099177,-2.770497141075481,-6.982058767710328,0.0,0.0,0.0,0.0,0.0
6.860627174377441,hold,drive,0.5,0.0,0.5,1788.0,1773.0,1.15,0.041,17.6,0.010623230994433788,-2.6889036285669476,-6.862272702730138,0.0,0.0,0.0,0.0,0.0
6.8806867599487305,hold,drive,0.5,0.0,0.5,1788.0,1790.0,1.41,0.034,17.6,0.01791400066317559,-2.555128684261433,-7.053954965005232,0.0,0.0,0.0,0.0,0.0
6.900677442550659,hold,drive,0.5,0.0,0.5,1788.0,1786.0,1.35,0.04,17.6,0.02245820236544823,-2.7507203950889902,-7.192678992850688,0.0,0.0,0.0,0.0,0.0
6.920672655105591,hold,drive,0.5,0.0,0.5,1788.0,1784.0,1.29,0.037,17.6,0.016161301528983384,-2.7899929283378526,-7.097096308656035,0.0,0.0,0.0,0.0,0.0
6.940487384796143,hold,drive,0.5,0.0,0.5,1788.0,1789.0,1.55,0.037,17.6,0.018086831495543323,-2.6002583736799068,-7.111896781548637,0.0,0.0,0.0,0.0,0.0
6.960620641708374,hold,drive,0.5,0.0,0.5,1788.0,1779.0,1.08,0.04,17.6,0.017860903888942133,-2.7511697536311033,-7.063451428352607,0.0,0.0,0.0,0.0,0.0
6.980686902999878,hold,drive,0.5,0.0,0.5,1788.0,1791.0,1.45,0.034,17.6,0.007994669672430914,-2.8680327953815947,-7.145315374596635,0.0,0.0,0.0,0.0,0.0
7.00062894821167,hold,drive,0.5,0.0,0.5,1788.0,1777.0,1.34,0.04,17.6,-0.007133991143874247,-2.8434663024885083,-7.173914692297728,0.0,0.0,0.0,0.0,0.0
7.020407676696777,hold,drive,0.5,0.0,0.5,1788.0,1791.0,1.26,0.036,17.6,-0.0198256593055265,-2.7597379714539443,-7.072798787694467,0.0,0.0,0.0,0.0,0.0
7.040483236312866,hold,drive,0.5,0.0,0.5,1788.0,1790.0,1.41,0.037,17.6,-0.021724378730049905,-2.693580816567419,-7.082587611836971,0.0,0.0,0.0,0.0,0.0
7.06043267250061,hold,drive,0.5,0.0,0.5,1788.0,1767.0,1.26,0.041,17.6,-0.0259408805407829,-2.7240044656301166,-7.102132515712924,0.0,0.0,0.0,0.0,0.0
7.0805344581604,hold,drive,0.5,0.0,0.5,1788.0,1790.0,1.48,0.035,17.6,-0.030082418528019367,-2.777084614511324,-7.2650815590427555,0.0,0.0,0.0,0.0,0.0
7.100557327270508,hold,drive,0.5,0.0,0.5,1788.0,1775.0,1.21,0.041,17.6,-0.034220053319783186,-2.718709226908743,-7.1738673298489175,0.0,0.0,0.0,0.0,0.0
7.120522975921631,hold,drive,0.5,0.0,0.5,1788.0,1790.0,1.4,0.037,17.6,-0.03202825093670195,-2.6845071069298,-7.159344014990097,0.0,0.0,0.0,0.0,0.0
7.140441656112671,hold,drive,0.5,0.0,0.5,1788.0,1782.0,1.4,0.041,17.6,-0.03708401051427059,-2.8040250770608566,-7.159288466439023,0.0,0.0,0.0,0.0,0.0
7.160545825958252,hold,drive,0.5,0.0,0.5,1788.0,1784.0,1.18,0.039,17.6,-0.038979869121216766,-2.6752085718407272,-7.073188212273578,0.0,0.0,0.0,0.0,0.0
7.18054723739624,hold,drive,0.5,0.0,0.5,1788.0,1793.0,1.46,0.034,17.6,-0.0305161517622416,-2.5743438051604812,-7.030017047821673,0.0,0.0,0.0,0.0,0.0
7.200547933578491,hold,drive,0.5,0.0,0.5,1788.0,1780.0,1.17,0.041,17.6,-0.01775238423571061,-2.61717027623493,-7.029950974281974,0.0,0.0,0.0,0.0,0.0
7.22074031829834,hold,drive,0.5,0.0,0.5,1788.0,1793.0,1.34,0.036,17.6,-0.013271691643355248,-2.64089389295566,-7.0586391696647866,0.0,0.0,0.0,0.0,0.0
7.240553617477417,hold,drive,0.5,0.0,0.5,1788.0,1795.0,1.28,0.036,17.6,-0.002662245108305873,-2.640669359865001,-6.99152716442137,0.0,0.0,0.0,0.0,0.0
7.260525465011597,hold,drive,0.5,0.0,0.5,1788.0,1775.0,1.16,0.04,17.6,0.005596625228571762,-2.6093885089509854,-7.073473556409624,0.0,0.0,0.0,0.0,0.0
7.280339241027832,hold,drive,0.5,0.0,0.5,1788.0,1793.0,1.5,0.034,17.6,0.021367508902195482,-2.505475588620726,-7.274992589997623,0.0,0.0,0.0,0.0,0.0
7.300558090209961,hold,drive,0.5,0.0,0.5,1788.0,1781.0,1.12,0.041,17.6,0.044853162977385494,-2.470206059378768,-7.260224276792485,0.0,0.0,0.0,0.0,0.0
7.3204345703125,hold,drive,0.5,0.0,0.5,1788.0,1791.0,1.4,0.036,17.6,0.06419728322652822,-2.5778974506252723,-6.996203767700251,0.0,0.0,0.0,0.0,0.0
7.340567588806152,hold,drive,0.5,0.0,0.5,1788.0,1781.0,1.3,0.04,17.6,0.06636123477027212,-2.687611393852478,-7.072736807205899,0.0,0.0,0.0,0.0,0.0
7.360684394836426,hold,drive,0.5,0.0,0.5,1788.0,1781.0,1.15,0.039,17.6,0.08354817373050466,-2.485530150455446,-7.346663669480279,0.0,0.0,0.0,0.0,0.0
7.380419015884399,hold,drive,0.5,0.0,0.5,1788.0,1792.0,1.48,0.033,17.6,0.09755126615684465,-2.8282544779571595,-7.173722318894534,0.0,0.0,0.0,0.0,0.0
7.400686979293823,hold,drive,0.5,0.0,0.5,1788.0,1777.0,1.28,0.041,17.6,0.08049238779434208,-3.0188316164266666,-7.005834132291795,0.0,0.0,0.0,0.0,0.0
7.420668125152588,hold,drive,0.5,0.0,0.5,1788.0,1785.0,1.37,0.036,17.6,0.06551468659995238,-2.766381578162452,-7.1450744693014485,0.0,0.0,0.0,0.0,0.0
7.440679311752319,hold,drive,0.5,0.0,0.5,1788.0,1785.0,1.52,0.038,17.6,0.06881019864611412,-2.6566676349352463,-7.16913050024624,0.0,0.0,0.0,0.0,0.0
7.460677146911621,hold,drive,0.5,0.0,0.5,1788.0,1762.0,1.3,0.04,17.6,0.05902100936784971,-2.928838578274082,-7.025228762719053,0.0,0.0,0.0,0.0,0.0
7.480626821517944,hold,drive,0.5,0.0,0.5,1788.0,1798.0,1.62,0.033,17.6,0.037140989678030686,-2.939204230265375,-7.020618232979871,0.0,0.0,0.0,0.0,0.0
7.500508546829224,hold,drive,0.5,0.0,0.5,1788.0,1777.0,1.04,0.041,17.6,0.02379860671219334,-2.7354378192452202,-7.131297843913387,0.0,0.0,0.0,0.0,0.0
7.520435571670532,hold,drive,0.5,0.0,0.5,1788.0,1789.0,1.47,0.034,17.6,0.020316729565780296,-2.8013701486802915,-7.226837843431952,0.0,0.0,0.0,0.0,0.0
7.5404322147369385,hold,drive,0.5,0.0,0.5,1788.0,1779.0,1.31,0.04,17.6,0.007517303248520714,-2.8992575130229454,-7.005876232246294,0.0,0.0,0.0,0.0,0.0
7.560546159744263,hold,drive,0.5,0.0,0.5,1788.0,1780.0,1.23,0.038,17.6,-0.013020845795507704,-2.837833971770351,-6.8384207396203465,0.0,0.0,0.0,0.0,0.0
7.580679178237915,hold,drive,0.5,0.0,0.5,1788.0,1789.0,1.49,0.035,17.6,-0.013256404474519813,-2.5607610149795903,-7.054147338408427,0.0,0.0,0.0,0.0,0.0
7.600487947463989,hold,drive,0.5,0.0,0.5,1788.0,1772.0,1.32,0.041,17.6,-0.002389533771641206,-2.5925473577083835,-6.9866874238188075,0.0,0.0,0.0,0.0,0.0
7.620428085327148,hold,drive,0.5,0.0,0.5,1788.0,1794.0,1.42,0.035,17.6,-0.0012707270540569834,-2.7305504238330514,-6.842775746024586,0.0,0.0,0.0,0.0,0.0
7.640501022338867,hold,drive,0.5,0.0,0.5,1788.0,1791.0,1.16,0.04,17.6,-0.005538243223901531,-2.635654787506951,-6.866935272690853,0.0,0.0,0.0,0.0,0.0
7.660617113113403,hold,drive,0.5,0.0,0.5,1788.0,1788.0,1.28,0.037,17.6,0.006407089646715526,-2.472860987759333,-7.087294620638545,0.0,0.0,0.0,0.0,0.0
7.680662155151367,hold,drive,0.5,0.0,0.5,1788.0,1798.0,1.47,0.035,17.6,0.018526552681029033,-2.596719053894077,-7.082345537098604,0.0,0.0,0.0,0.0,0.0
7.700705528259277,hold,drive,0.5,0.0,0.5,1788.0,1782.0,1.11,0.04,17.6,0.007354532091051833,-2.9130648362944953,-7.07280697379673,0.0,0.0,0.0,0.0,0.0
7.720453977584839,hold,drive,0.5,0.0,0.5,1788.0,1791.0,1.47,0.034,17.6,-0.013590539645162289,-2.884944697936618,-7.039419955714607,0.0,0.0,0.0,0.0,0.0
7.740668773651123,hold,drive,0.5,0.0,0.5,1788.0,1776.0,1.4,0.041,17.6,-0.020725918025487167,-2.6378457393056465,-7.130888538800207,0.0,0.0,0.0,0.0,0.0
7.7606587409973145,hold,drive,0.5,0.0,0.5,1788.0,1794.0,1.21,0.037,17.6,-0.01828424039194005,-2.7171924591036145,-7.254950672769951,0.0,0.0,0.0,0.0,0.0
7.780391454696655,hold,drive,0.5,0.0,0.5,1788.0,1792.0,1.38,0.037,17.6,-0.02339205644644133,-2.8766571464771005,-7.073246099711014,0.0,0.0,0.0,0.0,0.0
7.800513029098511,hold,drive,0.5,0.0,0.5,1788.0,1767.0,1.26,0.04,17.6,-0.04899663799819606,-2.980289400444036,-6.93872329649156,0.0,0.0,0.0,0.0,0.0
7.820498704910278,hold,drive,0.5,0.0,0.5,1788.0,1794.0,1.42,0.034,17.6,-0.05747857304350306,-2.731280741099283,-7.072864861234166,0.0,0.0,0.0,0.0,0.0
7.840596437454224,hold,drive,0.5,0.0,0.5,1788.0,1780.0,1.34,0.041,17.6,-0.04233455743903791,-2.5648204446199543,-7.044400029498831,0.0,0.0,0.0,0.0,0.0
7.860639810562134,hold,drive,0.5,0.0,0.5,1788.0,1795.0,1.27,0.036,17.6,-0.03059849337419549,-2.6221848485929797,-6.915042072086123,0.0,0.0,0.0,0.0,0.0
7.880675554275513,hold,drive,0.5,0.0,0.5,1788.0,1793.0,1.43,0.038,17.6,-0.03290768498529497,-2.646301690583158,-6.900709961187317,0.0,0.0,0.0,0.0,0.0
7.900673151016235,hold,drive,0.5,0.0,0.5,1788.0,1785.0,1.09,0.04,17.6,-0.023435524228858466,-2.597393237887644,-6.953170012822056,0.0,0.0,0.0,0.0,0.0
7.9205100536346436,hold,drive,0.5,0.0,0.5,1788.0,1795.0,1.42,0.034,17.6,-0.010785240654278475,-2.541433919896008,-7.049319292237669,0.0,0.0,0.0,0.0,0.0
7.940614700317383,hold,drive,0.5,0.0,0.5,1788.0,1779.0,1.31,0.041,17.6,-0.006876397927733634,-2.6613451152965126,-7.058934454067867,0.0,0.0,0.0,0.0,0.0
7.960569381713867,hold,drive,0.5,0.0,0.5,1788.0,1794.0,1.27,0.037,17.6,-0.013688404573438895,-2.7085678156473136,-6.996508407648776,0.0,0.0,0.0,0.0,0.0
7.980419158935547,hold,drive,0.5,0.0,0.5,1788.0,1791.0,1.33,0.037,17.6,-0.02442877512453874,-2.681458953279787,-7.241173462660299,0.0,0.0,0.0,0.0,0.0
8.00051999092102,hold,drive,0.5,0.0,0.5,1788.0,1771.0,1.28,0.041,17.6,-0.025257621595987854,-2.6719917260119246,-7.375319705175627,0.0,0.0,0.0,0.0,0.0
8.020426034927368,hold,drive,0.5,0.0,0.5,1788.0,1792.0,1.48,0.035,17.6,-0.03578924401011212,-2.8382271970397994,-7.10675181627596,0.0,0.0,0.0,0.0,0.0
8.0405855178833,hold,drive,0.5,0.0,0.5,1788.0,1782.0,1.16,0.041,17.6,-0.056021815604851304,-2.819124342686081,-7.216935583300938,0.0,0.0,0.0,0.0,0.0
8.060608863830566,hold,drive,0.5,0.0,0.5,1788.0,1795.0,1.4,0.035,17.6,-0.04940788832715315,-2.56317679222974,-7.442693080969889,0.0,0.0,0.0,0.0,0.0
8.080621719360352,hold,drive,0.5,0.0,0.5,1788.0,1783.0,1.32,0.04,17.6,-0.037486243546224235,-2.709635224910329,-7.245833693734653,0.0,0.0,0.0,0.0,0.0
8.100602388381958,hold,drive,0.5,0.0,0.5,1788.0,1771.0,1.27,0.041,17.6,-0.04067686033495048,-2.798505012888029,-6.96273079554436,0.0,0.0,0.0,0.0,0.0
8.120451211929321,hold,drive,0.5,0.0,0.5,1788.0,1789.0,1.6,0.034,17.6,-0.033327263934442346,-2.670924316748909,-7.197844423379024,0.0,0.0,0.0,0.0,0.0
8.140697240829468,hold,drive,0.5,0.0,0.5,1788.0,1773.0,1.33,0.041,17.6,-0.012777402703252737,-2.680503810562101,-7.394235448620464,0.0,0.0,0.0,0.0,0.0
8.160675287246704,hold,drive,0.5,0.0,0.5,1788.0,1790.0,1.3,0.036,17.6,-0.0027995066155128887,-2.804193769239646,-7.197647372203107,0.0,0.0,0.0,0.0,0.0
8.180721759796143,hold,drive,0.5,0.0,0.5,1788.0,1792.0,1.35,0.037,17.6,-0.0007698635650505013,-2.7838548134441226,-7.029727025912905,0.0,0.0,0.0,0.0,0.0
8.200701236724854,hold,drive,0.5,0.0,0.5,1788.0,1773.0,1.2,0.039,17.6,0.01723628858358847,-2.518102943723136,-7.154842243466703,0.0,0.0,0.0,0.0,0.0
8.220625638961792,hold,drive,0.5,0.0,0.5,1788.0,1796.0,1.52,0.034,17.6,0.02984362452440173,-2.727951628725151,-7.087569439785966,0.0,0.0,0.0,0.0,0.0
8.240496158599854,hold,drive,0.5,0.0,0.5,1788.0,1779.0,1.12,0.041,17.6,0.026074650290099737,-2.823183772326445,-6.852726538047591,0.0,0.0,0.0,0.0,0.0
8.26055359840393,hold,drive,0.5,0.0,0.5,1788.0,1790.0,1.43,0.035,17.6,0.022074802875828494,-2.5806503198722055,-6.891453233691948,0.0,0.0,0.0,0.0,0.0
8.280681610107422,hold,drive,0.5,0.0,0.5,1788.0,1782.0,1.36,0.039,17.6,0.02775950955671138,-2.517878410632477,-6.939239605655757,0.0,0.0,0.0,0.0,0.0
8.300583124160767,hold,drive,0.5,0.0,0.5,1788.0,1777.0,1.22,0.039,17.6,0.031379174080617,-2.6044303622263953,-6.93931445001931,0.0,0.0,0.0,0.0,0.0
8.320705890655518,hold,drive,0.5,0.0,0.5,1788.0,1795.0,1.57,0.033,17.6,0.017255314580923026,-2.822453455060213,-6.943570053753206,0.0,0.0,0.0,0.0,0.0
8.340601921081543,hold,drive,0.5,0.0,0.5,1788.0,1777.0,1.2,0.041,17.6,-0.0009140382379329018,-2.6968537956688863,-6.919378952121065,0.0,0.0,0.0,0.0,0.0
8.360511064529419,hold,drive,0.5,0.0,0.5,1788.0,1794.0,1.35,0.035,17.6,-0.0028463355985089496,-2.5680934237214217,-7.010521845280891,0.0,0.0,0.0,0.0,0.0
8.380477666854858,hold,drive,0.5,0.0,0.5,1788.0,1790.0,1.26,0.039,17.6,-0.006562045050563406,-2.6375232653486194,-6.971646045631019,0.0,0.0,0.0,0.0,0.0
8.400477647781372,hold,drive,0.5,0.0,0.5,1788.0,1782.0,1.26,0.037,17.6,-0.012384965110683545,-2.562797892639253,-7.034356266742975,0.0,0.0,0.0,0.0,0.0
8.420624256134033,hold,drive,0.5,0.0,0.5,1788.0,1805.0,1.42,0.035,17.6,-0.01727153801732919,-2.596269695351964,-7.053502390494373,0.0,0.0,0.0,0.0,0.0
8.440465688705444,hold,drive,0.5,0.0,0.5,1788.0,1774.0,1.28,0.041,17.6,-0.022021722746351856,-2.622128715320315,-7.202430394811415,0.0,0.0,0.0,0.0,0.0
8.46061658859253,hold,drive,0.5,0.0,0.5,1788.0,1792.0,1.44,0.034,17.6,-0.03255048018170968,-2.6931875912979706,-7.101657721781635,0.0,0.0,0.0,0.0,0.0
8.480597972869873,hold,drive,0.5,0.0,0.5,1788.0,1780.0,1.38,0.04,17.6,-0.04021528458376931,-2.5462236668026037,-7.068479449307233,0.0,0.0,0.0,0.0,0.0
8.500648975372314,hold,drive,0.5,0.0,0.5,1788.0,1788.0,1.14,0.037,17.6,-0.041482449919942634,-2.4413556037546584,-7.063808693244255,0.0,0.0,0.0,0.0,0.0
8.520914316177368,hold,drive,0.5,0.0,0.5,1788.0,1796.0,1.39,0.033,17.6,-0.03829105498883538,-2.442647546108333,-7.284445783947319,0.0,0.0,0.0,0.0,0.0
8.54071307182312,hold,drive,0.5,0.0,0.5,1788.0,1776.0,1.26,0.041,17.6,-0.03789724004263991,-2.643365803478474,-7.471146802995008,0.0,0.0,0.0,0.0,0.0
8.560581922531128,hold,drive,0.5,0.0,0.5,1788.0,1796.0,1.41,0.034,17.6,-0.045820860010168614,-2.7235551070880035,-7.3750612582327335,0.0,0.0,0.0,0.0,0.0
8.580657958984375,hold,drive,0.5,0.0,0.5,1788.0,1787.0,1.28,0.04,17.6,-0.04438294443622917,-2.442423013017674,-7.322714642586504,0.0,0.0,0.0,0.0,0.0
8.600627899169922,hold,drive,0.5,0.0,0.5,1788.0,1795.0,1.21,0.036,17.6,-0.030041740822963008,-2.5507885882577455,-7.408519612348869,0.0,0.0,0.0,0.0,0.0
8.620664358139038,hold,drive,0.5,0.0,0.5,1788.0,1803.0,1.36,0.036,17.6,-0.03494862137321781,-2.7985611461606936,-7.130394449056439,0.0,0.0,0.0,0.0,0.0
8.640435218811035,hold,drive,0.5,0.0,0.5,1788.0,1783.0,1.16,0.041,17.6,-0.04995520538186726,-2.61717027623493,-6.972471087794872,0.0,0.0,0.0,0.0,0.0
8.660454034805298,hold,drive,0.5,0.0,0.5,1788.0,1797.0,1.47,0.034,17.6,-0.03960422227165063,-2.392334884513815,-6.958172306026711,0.0,0.0,0.0,0.0,0.0
8.680492162704468,hold,drive,0.5,0.0,0.5,1788.0,1782.0,1.27,0.04,17.6,-0.01868908248952413,-2.428109905570551,-7.159867340813378,0.0,0.0,0.0,0.0,0.0
8.700599908828735,hold,drive,0.5,0.0,0.5,1788.0,1794.0,1.21,0.037,17.6,-0.014830214084864353,-2.6810657280103385,-7.068642586630915,0.0,0.0,0.0,0.0,0.0
8.720609426498413,hold,drive,0.5,0.0,0.5,1788.0,1791.0,1.41,0.037,17.6,-0.0176227569502456,-2.5860581174997037,-6.9921855609320005,0.0,0.0,0.0,0.0,0.0
8.740619897842407,hold,drive,0.5,0.0,0.5,1788.0,1772.0,1.21,0.041,17.6,-0.009766549288106842,-2.475389031554812,-6.944172901712761,0.0,0.0,0.0,0.0,0.0
8.760698080062866,hold,drive,0.5,0.0,0.5,1788.0,1791.0,1.46,0.034,17.6,0.002275444626735457,-2.4641805033911623,-6.95816996714035,0.0,0.0,0.0,0.0,0.0
8.780570030212402,hold,drive,0.5,0.0,0.5,1788.0,1790.0,1.42,0.035,17.6,0.005808434440354981,-2.6917126310865456,-7.131157510731725,0.0,0.0,0.0,0.0,0.0
8.800676584243774,hold,drive,0.5,0.0,0.5,1788.0,1778.0,1.04,0.039,17.6,-0.00389433994187422,-2.732741375631747,-7.10672959685553,0.0,0.0,0.0,0.0,0.0
8.820567846298218,hold,drive,0.5,0.0,0.5,1788.0,1796.0,1.47,0.038,17.6,-0.00934521327681839,-2.578908726615623,-7.049125164669704,0.0,0.0,0.0,0.0,0.0
8.840576410293579,hold,drive,0.5,0.0,0.5,1788.0,1780.0,1.19,0.041,17.6,-0.014562610087798022,-2.631820183318041,-7.130605533550522,0.0,0.0,0.0,0.0,0.0
8.860562086105347,hold,drive,0.5,0.0,0.5,1788.0,1793.0,1.5,0.034,17.6,-0.02688909696631101,-2.6891281616576066,-7.221575349119632,0.0,0.0,0.0,0.0,0.0
8.880295515060425,hold,drive,0.5,0.0,0.5,1788.0,1778.0,1.35,0.041,17.6,-0.033892511553433265,-2.674309562395706,-7.130462861482499,0.0,0.0,0.0,0.0,0.0
8.900413036346436,hold,drive,0.5,0.0,0.5,1788.0,1788.0,1.29,0.037,17.6,-0.04098936980530367,-2.524817301744065,-7.063174855040415,0.0,0.0,0.0,0.0,0.0
8.920511245727539,hold,drive,0.5,0.0,0.5,1788.0,1789.0,1.48,0.038,17.6,-0.029961900085720274,-2.387320312155765,-7.077871247489952,0.0,0.0,0.0,0.0,0.0
8.94055986404419,hold,drive,0.5,0.0,0.5,1788.0,1774.0,1.14,0.041,17.6,-0.012676055899910312,-2.354859785433405,-7.231397502392781,0.0,0.0,0.0,0.0,0.0
8.960537195205688,hold,drive,0.5,0.0,0.5,1788.0,1794.0,1.48,0.035,17.6,-0.003759702584608503,-2.5550161253553085,-7.111409123742362,0.0,0.0,0.0,0.0,0.0
8.980446577072144,hold,drive,0.5,0.0,0.5,1788.0,1779.0,1.19,0.041,17.6,-0.013130871799230805,-2.7304378649269267,-6.9720810784941705,0.0,0.0,0.0,0.0,0.0
9.000549793243408,hold,drive,0.5,0.0,0.5,1788.0,1797.0,1.36,0.036,17.6,-0.016335022855840615,-2.4503731801196125,-7.092419705377154,0.0,0.0,0.0,0.0,0.0
9.020612239837646,hold,drive,0.5,0.0,0.5,1788.0,1785.0,1.36,0.04,17.6,-0.0035277885871897877,-2.412223897045635,-7.121199702049637,0.0,0.0,0.0,0.0,0.0
9.040716648101807,hold,drive,0.5,0.0,0.5,1788.0,1774.0,1.23,0.04,17.6,0.0005715828995156955,-2.611875037513556,-7.01546566632652,0.0,0.0,0.0,0.0,0.0
9.060644149780273,hold,drive,0.5,0.0,0.5,1788.0,1792.0,1.54,0.034,17.6,-0.009464617560708311,-2.502498186283134,-6.886318208686305,0.0,0.0,0.0,0.0,0.0
9.080485105514526,hold,drive,0.5,0.0,0.5,1788.0,1772.0,1.33,0.042,17.6,-0.002486973218321781,-2.3222868459853174,-7.068756607341015,0.0,0.0,0.0,0.0,0.0
9.100602388381958,hold,drive,0.5,0.0,0.5,1788.0,1796.0,1.34,0.036,17.6,0.004765533795547496,-2.4534067157298693,-7.313456160926364,0.0,0.0,0.0,0.0,0.0
9.12057876586914,hold,drive,0.5,0.0,0.5,1788.0,1788.0,1.26,0.039,17.6,-0.006653239592547205,-2.779964075982548,-7.355654933373671,0.0,0.0,0.0,0.0,0.0
9.140620946884155,hold,drive,0.5,0.0,0.5,1788.0,1782.0,1.14,0.04,17.6,-0.0219530048678494,-2.7263784352865628,-7.302760433597371,0.0,0.0,0.0,0.0,0.0
9.160622596740723,hold,drive,0.5,0.0,0.5,1788.0,1796.0,1.41,0.034,17.6,-0.027665302313744426,-2.5360261222685097,-7.346159639469477,0.0,0.0,0.0,0.0,0.0
9.180518388748169,hold,drive,0.5,0.0,0.5,1788.0,1777.0,1.3,0.042,17.6,-0.027008602159039115,-2.6922888742137445,-7.297842340301713,0.0,0.0,0.0,0.0,0.0
9.200546026229858,hold,drive,0.5,0.0,0.5,1788.0,1797.0,1.38,0.034,17.6,-0.03407526682205075,-2.7613108725317375,-7.255180468354922,0.0,0.0,0.0,0.0,0.0
9.220459699630737,hold,drive,0.5,0.0,0.5,1788.0,1780.0,1.35,0.04,17.6,-0.04267615362192181,-2.613560205136679,-7.2074525685501385,0.0,0.0,0.0,0.0,0.0
9.240460634231567,hold,drive,0.5,0.0,0.5,1788.0,1779.0,1.23,0.039,17.6,-0.02694171104259689,-2.4100186195679782,-7.251122500518534,0.0,0.0,0.0,0.0,0.0
9.260492086410522,hold,drive,0.5,0.0,0.5,1788.0,1795.0,1.5,0.034,17.6,-0.01130617680974129,-2.4617501081012563,-7.222162409596251,0.0,0.0,0.0,0.0,0.0
9.280450582504272,hold,drive,0.5,0.0,0.5,1788.0,1779.0,1.18,0.041,17.6,-0.0030788019937943957,-2.595974410948884,-7.1072231018777074,0.0,0.0,0.0,0.0,0.0
9.30051302909851,hold,drive,0.5,0.0,0.5,1788.0,1795.0,1.38,0.035,17.6,-0.010942461825647525,-2.6100626929445525,-7.073628507631042,0.0,0.0,0.0,0.0,0.0
9.320529699325562,hold,drive,0.5,0.0,0.5,1788.0,1784.0,1.37,0.039,17.6,0.0020629472582877517,-2.3435242265042717,-7.04528237437853,0.0,0.0,0.0,0.0,0.0
9.340916633605957,hold,drive,0.5,0.0,0.5,1788.0,1786.0,1.18,0.037,17.6,0.024806529961004267,-2.242041555283521,-7.136090222067139,0.0,0.0,0.0,0.0,0.0
9.36065673828125,hold,drive,0.5,0.0,0.5,1788.0,1803.0,1.36,0.033,17.6,0.03921992396516299,-2.4755577237336013,-7.059171851033511,0.0,0.0,0.0,0.0,0.0
9.380587577819824,hold,drive,0.5,0.0,0.5,1788.0,1777.0,1.31,0.041,17.6,0.03668089947139507,-2.456848094649331,-6.920365377443829,0.0,0.0,0.0,0.0,0.0
9.40056562423706,hold,drive,0.5,0.0,0.5,1788.0,1798.0,1.38,0.033,17.6,0.041899858808920526,-2.436172339217819,-7.183469043082539,0.0,0.0,0.0,0.0,0.0
9.420525312423706,hold,drive,0.5,0.0,0.5,1788.0,1777.0,1.37,0.04,17.6,0.043261774423251825,-2.4974274806524193,-7.168865621365853,0.0,0.0,0.0,0.0,0.0
9.44064736366272,hold,drive,0.5,0.0,0.5,1788.0,1788.0,1.18,0.037,17.6,0.038518097794143044,-2.5310676831831245,-7.14973002260308,0.0,0.0,0.0,0.0,0.0
9.46050477027893,hold,drive,0.5,0.0,0.5,1788.0,1791.0,1.37,0.036,17.6,0.03166617546115427,-2.5145074906646414,-7.125278135141684,0.0,0.0,0.0,0.0,0.0
9.480672597885132,hold,drive,0.5,0.0,0.5,1788.0,1778.0,1.3,0.041,17.6,0.038494316597846474,-2.3207137987271267,-7.111506772247935,0.0,0.0,0.0,0.0,0.0
9.500587463378906,hold,drive,0.5,0.0,0.5,1788.0,1795.0,1.37,0.034,17.6,0.044054514255984355,-2.398023348504637,-7.126028917663575,0.0,0.0,0.0,0.0,0.0
9.520497798919678,hold,drive,0.5,0.0,0.5,1788.0,1785.0,1.4,0.04,17.6,0.04194626439091516,-2.5505076295336266,-7.039623438828016,0.0,0.0,0.0,0.0,0.0
9.540621042251587,hold,drive,0.5,0.0,0.5,1788.0,1794.0,1.19,0.036,17.6,0.03454565389136979,-2.4405688608549667,-7.015728206320546,0.0,0.0,0.0,0.0,0.0
9.56045126914978,hold,drive,0.5,0.0,0.5,1788.0,1799.0,1.42,0.036,17.6,0.03452535352984175,-2.429416465963982,-7.034528174890511,0.0,0.0,0.0,0.0,0.0
9.58039903640747,hold,drive,0.5,0.0,0.5,1788.0,1777.0,1.25,0.041,17.6,0.027993934311665605,-2.4542077843085224,-6.891019954993567,0.0,0.0,0.0,0.0,0.0
9.600458860397339,hold,drive,0.5,0.0,0.5,1788.0,1795.0,1.45,0.033,17.6,0.021284740768348263,-2.424458319239392,-6.996169269126426,0.0,0.0,0.0,0.0,0.0
9.620488405227661,hold,drive,0.5,0.0,0.5,1788.0,1778.0,1.33,0.041,17.6,0.016837626892268517,-2.40230731123566,-7.044482475243058,0.0,0.0,0.0,0.0,0.0
9.640415668487549,hold,drive,0.5,0.0,0.5,1788.0,1797.0,1.18,0.037,17.6,0.0017464473375258097,-2.5496089124494006,-6.948406870747817,0.0,0.0,0.0,0.0,0.0
9.660505771636963,hold,drive,0.5,0.0,0.5,1788.0,1794.0,1.37,0.037,17.6,-0.01451273199341328,-2.5066698824688274,-6.867016548991899,0.0,0.0,0.0,0.0,0.0
9.681621789932251,hold,drive,0.5,0.0,0.5,1788.0,1768.0,1.28,0.041,17.6,-0.020987407155019323,-2.392615843237934,-7.15941768991047,0.0,0.0,0.0,0.0,0.0
9.70081615447998,hold,drive,0.5,0.0,0.5,1788.0,1792.0,1.42,0.034,17.6,-0.02292647347005743,-2.491289365758689,-7.158976225109825,0.0,0.0,0.0,0.0,0.0
9.720699071884155,hold,drive,0.5,0.0,0.5,1788.0,1790.0,1.23,0.04,17.6,-0.03860703905217329,-2.626188144960679,-7.096882300554,0.0,0.0,0.0,0.0,0.0
9.740858554840088,hold,drive,0.5,0.0,0.5,1788.0,1794.0,1.22,0.036,17.6,-0.05654291300639575,-2.50227336083168,-7.07307769989302,0.0,0.0,0.0,0.0,0.0
9.760462999343872,hold,drive,0.5,0.0,0.5,1788.0,1796.0,1.49,0.037,17.6,-0.06174391265131998,-2.3683862961612334,-7.111453562583222,0.0,0.0,0.0,0.0,0.0
9.780886173248291,hold,drive,0.5,0.0,0.5,1788.0,1778.0,1.15,0.04,17.6,-0.05961067484508528,-2.393739385773614,-7.154884928142792,0.0,0.0,0.0,0.0,0.0
9.80044174194336,hold,drive,0.5,0.0,0.5,1788.0,1798.0,1.46,0.034,17.6,-0.05838124733379621,-2.4467069757486968,-7.217217419107442,0.0,0.0,0.0,0.0,0.0
9.82047724723816,hold,drive,0.5,0.0,0.5,1788.0,1781.0,1.19,0.041,17.6,-0.06328994424313823,-2.5649891367987436,-7.2695698819695735,0.0,0.0,0.0,0.0,0.0
9.840374231338501,hold,drive,0.5,0.0,0.5,1788.0,1795.0,1.32,0.036,17.6,-0.06928517342652976,-2.5374867568009734,-7.293803668277803,0.0,0.0,0.0,0.0,0.0
9.860562086105347,hold,drive,0.5,0.0,0.5,1788.0,1794.0,1.39,0.037,17.6,-0.07010334644767253,-2.5677978469575464,-7.361223821799285,0.0,0.0,0.0,0.0,0.0
9.88060188293457,hold,drive,0.5,0.0,0.5,1788.0,1773.0,1.14,0.041,17.6,-0.0774154546946486,-2.670025599664683,-7.188059107566062,0.0,0.0,0.0,0.0,0.0
9.90067982673645,hold,drive,0.5,0.0,0.5,1788.0,1794.0,1.47,0.035,17.6,-0.08270573265392853,-2.6082649664153053,-7.116326047594839,0.0,0.0,0.0,0.0,0.0
9.92067813873291,hold,drive,0.5,0.0,0.5,1788.0,1789.0,1.09,0.04,17.6,-0.08062247489121405,-2.4172946026763498,-7.135634139226738,0.0,0.0,0.0,0.0,0.0
9.94047212600708,hold,drive,0.5,0.0,0.5,1788.0,1798.0,1.31,0.036,17.6,-0.05850003264079215,-2.2135280454757975,-7.1121926506733075,0.0,0.0,0.0,0.0,0.0
9.960467338562012,hold,drive,0.5,0.0,0.5,1788.0,1793.0,1.4,0.039,17.6,-0.033649238029638324,-2.25781515108271,-7.098091504802653,0.0,0.0,0.0,0.0,0.0
9.980628252029419,brake,stop,0.0,0.0,0.5,0.0,1781.0,1.15,0.041,17.6,-0.025572047293969138,-2.565325936434732,-7.2744371044868785,0.0,0.0,0.0,0.0,0.0
10.000590085983276,brake,stop,0.0,0.0,0.5,0.0,1800.0,1.45,0.033,17.6,-0.034056845237447966,-2.6717669005604705,-7.3082082846538015,0.0,0.0,0.0,0.0,0.0
10.020431995391846,brake,stop,0.0,0.0,0.5,0.0,1666.0,-1.52,-0.02,17.6,-0.04442891309335746,-2.574849296975259,-7.255263498820739,0.0,0.0,0.0,0.0,0.0
10.040415287017822,brake,stop,0.0,0.0,0.5,0.0,241.0,22.01,0.1,17.5,-0.039091006162457136,-2.3538486556234517,-7.326966737990858,0.0,0.0,0.0,0.0,0.0
10.060458660125732,brake,stop,0.0,0.0,0.5,0.0,1285.0,25.32,0.102,17.5,-0.019563204780099187,-2.4161274983821954,-7.320680396173998,0.0,0.0,0.0,0.0,0.0
10.080444812774658,brake,stop,0.0,0.0,0.5,0.0,2636.0,12.18,0.12,17.6,-0.05477545621469422,-2.5956516446310616,-6.947980608708519,0.0,0.0,0.0,0.0,0.0
10.10046648979187,brake,stop,0.0,0.0,0.5,0.0,3608.0,7.34,0.116,17.6,-0.05307777008236358,-2.577729050807278,-7.168605420258189,0.0,0.0,0.0,0.0,0.0
10.120594263076782,brake,stop,0.0,0.0,0.5,0.0,4448.0,0.93,0.101,17.6,-0.05883005655650182,-2.48457500773776,-7.063832666829455,0.0,0.0,0.0,0.0,0.0
10.140460729598999,brake,stop,0.0,0.0,0.5,0.0,4820.0,-2.66,0.082,17.6,-0.04941802498405227,-2.4384197166499746,-7.164824025733992,0.0,0.0,0.0,0.0,0.0
10.1605064868927,brake,stop,0.0,0.0,0.5,0.0,5035.0,-5.54,0.061,17.6,-0.032805282280192215,-2.5223310655422893,-7.442114791317124,0.0,0.0,0.0,0.0,0.0
10.180438995361328,brake,stop,0.0,0.0,0.5,0.0,4886.0,-7.12,0.045,17.6,-0.040142393032496,-2.7675758720105534,-7.355011154902797,0.0,0.0,0.0,0.0,0.0
10.20045018196106,brake,stop,0.0,0.0,0.5,0.0,4524.0,-6.87,0.027,17.6,-0.04288922731507416,-2.667216597145085,-7.522716323647785,0.0,0.0,0.0,0.0,0.0
10.220496416091919,brake,stop,0.0,0.0,0.5,0.0,3971.0,-6.1,0.014,17.6,-0.03914681187086191,-2.6553338849878685,-7.095877164140347,0.0,0.0,0.0,0.0,0.0
10.240418910980225,brake,stop,0.0,0.0,0.5,0.0,3147.0,-7.19,0.0,17.6,-0.01573039270193286,-2.4990711330426336,-7.235204624666949,0.0,0.0,0.0,0.0,0.0
10.260525941848755,brake,stop,0.0,0.0,0.5,0.0,1456.0,-1.85,0.0,17.6,0.02262129185389116,-2.396394021793384,-7.178345712508701,0.0,0.0,0.0,0.0,0.0
10.280703067779541,brake,stop,0.0,0.0,0.5,0.0,-36.0,-0.05,0.0,17.6,0.05936551838317587,-2.3964501550660486,-7.154408380046732,0.0,0.0,0.0,0.0,0.0
10.300792455673218,brake,stop,0.0,0.0,0.5,0.0,100.0,0.13,0.0,17.6,0.08358502522208863,-2.4109319546919608,-6.8814024542770085,0.0,0.0,0.0,0.0,0.0
10.32069730758667,brake,stop,0.0,0.0,0.5,0.0,27.0,0.0,0.0,17.6,0.11812661571220145,-2.2244139535020224,-6.78567242024161,0.0,0.0,0.0,0.0,0.0
10.340545415878296,brake,stop,0.0,0.0,0.5,0.0,1.0,0.01,0.0,17.6,0.14845898023090315,-2.2113932269497667,-6.963212606134732,0.0,0.0,0.0,0.0,0.0
10.36048436164856,brake,stop,0.0,0.0,0.5,0.0,0.0,-0.04,0.0,17.6,0.1726029989364798,-2.3406029574393443,-6.924862471194501,0.0,0.0,0.0,0.0,0.0
10.380457401275635,brake,stop,0.0,0.0,0.5,0.0,0.0,0.08,0.0,17.6,0.1834832437014576,-2.327975456156537,-6.719291316986016,0.0,0.0,0.0,0.0,0.0
10.400488376617432,brake,stop,0.0,0.0,0.5,0.0,0.0,0.06,0.0,17.6,0.18985104496016203,-2.3460668883395073,-6.757366048057236,0.0,0.0,0.0,0.0,0.0
10.420455932617188,brake,stop,0.0,0.0,0.5,0.0,0.0,0.09,0.0,17.6,0.19450049145976323,-2.3145052248817706,-7.0260590673772185,0.0,0.0,0.0,0.0,0.0
10.440446615219116,brake,stop,0.0,0.0,0.5,0.0,0.0,0.09,0.0,17.6,0.18799928247520267,-2.4990003817302124,-7.039895334367486,0.0,0.0,0.0,0.0,0.0
10.460442543029785,brake,stop,0.0,0.0,0.5,0.0,0.0,0.1,0.0,17.6,0.16558297288205817,-2.607365956970284,-6.962839553760148,0.0,0.0,0.0,0.0,0.0
10.480511903762817,brake,stop,0.0,0.0,0.5,0.0,0.0,0.09,0.0,17.6,0.1508189737203905,-2.417912361036457,-7.178885410536509,0.0,0.0,0.0,0.0,0.0
10.500510215759277,brake,stop,0.0,0.0,0.5,0.0,0.0,0.09,0.0,17.6,0.14583947833794442,-2.4033185872260105,-7.2937948974539495,0.0,0.0,0.0,0.0,0.0
10.520535707473755,brake,stop,0.0,0.0,0.5,0.0,0.0,0.05,0.0,17.6,0.12508624626652712,-2.642748045118367,-7.298564471465681,0.0,0.0,0.0,0.0,0.0
10.540541410446167,brake,stop,0.0,0.0,0.5,0.0,0.0,0.1,0.0,17.6,0.0877632087220435,-2.8852817899334013,-7.346058482634362,0.0,0.0,0.0,0.0,0.0
10.560634851455688,brake,stop,0.0,0.0,0.5,0.0,0.0,0.12,0.0,17.6,0.04806955001084745,-2.7471103239907393,-7.3510198453276985,0.0,0.0,0.0,0.0,0.0
10.580609798431396,brake,stop,0.0,0.0,0.5,0.0,0.0,0.11,0.0,17.6,0.02850279365576329,-2.5623903416908433,-7.461673143789653,0.0,0.0,0.0,0.0,0.0
10.60050892829895,brake,stop,0.0,0.0,0.5,0.0,0.0,0.13,0.0,17.6,0.019390609054921435,-2.576703156777171,-7.365859494566848,0.0,0.0,0.0,0.0,0.0
10.620505332946777,brake,stop,0.0,0.0,0.5,0.0,0.0,0.1,0.0,17.6,-0.0004692322742965675,-2.7244538241722296,-7.360896962430331,0.0,0.0,0.0,0.0,0.0
10.640422344207764,brake,stop,0.0,0.0,0.5,0.0,0.0,0.11,0.0,17.6,-0.021467142335883472,-2.728457120539929,-7.159535803671702,0.0,0.0,0.0,0.0,0.0
10.660471200942993,brake,stop,0.0,0.0,0.5,0.0,0.0,0.12,0.0,17.6,-0.03458568037031585,-2.6205411962027654,-6.992403662085167,0.0,0.0,0.0,0.0,0.0
10.680469036102295,brake,stop,0.0,0.0,0.5,0.0,0.0,0.11,0.0,17.6,-0.036545731562505936,-2.538947391333437,-7.054637919822653,0.0,0.0,0.0,0.0,0.0
10.700465202331543,brake,stop,0.0,0.0,0.5,0.0,0.0,0.1,0.0,17.6,-0.030747798923402656,-2.466146629738404,-7.140641110204115,0.0,0.0,0.0,0.0,0.0
10.720596313476562,brake,stop,0.0,0.0,0.5,0.0,0.0,0.09,0.0,17.6,-0.025852636281944206,-2.523791700074753,-7.020928135422707,0.0,0.0,0.0,0.0,0.0
10.740914583206177,brake,stop,0.0,0.0,0.5,0.0,0.0,0.11,0.0,17.6,-0.027505027869797492,-2.5890501378770523,-6.881603013782467,0.0,0.0,0.0,0.0,0.0
10.760737657546997,brake,stop,0.0,0.0,0.5,0.0,0.0,0.11,0.0,17.6,-0.033278917157684405,-2.5175413186356934,-6.953532540208016,0.0,0.0,0.0,0.0,0.0
10.78044867515564,brake,stop,0.0,0.0,0.5,0.0,0.0,0.09,0.0,17.6,-0.02466527839349999,-2.522668157539073,-7.241010910058208,0.0,0.0,0.0,0.0,0.0
10.800437211990356,brake,stop,0.0,0.0,0.5,0.0,0.0,0.08,0.0,17.6,-0.01771297569336124,-2.594064125513512,-7.221745503102397,0.0,0.0,0.0,0.0,0.0
10.820508480072021,brake,stop,0.0,0.0,0.5,0.0,0.0,0.08,0.0,17.6,-0.024610712719477783,-2.791187222185954,-6.99089157205276,0.0,0.0,0.0,0.0,0.0
10.840497016906738,brake,stop,0.0,0.0,0.5,0.0,0.0,0.1,0.0,17.6,-0.03357245368586538,-2.6194881126187113,-7.024594339793623,0.0,0.0,0.0,0.0,0.0
10.860470294952393,brake,stop,0.0,0.0,0.5,0.0,0.0,0.1,0.0,17.6,-0.03847646925735374,-2.5638091686296036,-7.010638204877353,0.0,0.0,0.0,0.0,0.0
10.880563735961914,brake,stop,0.0,0.0,0.5,0.0,0.0,0.08,0.0,17.6,-0.03202964077389584,-2.5021610942863504,-7.001201967853774,0.0,0.0,0.0,0.0,0.0
10.900413036346436,brake,stop,0.0,0.0,0.5,0.0,0.0,0.09,0.0,17.6,-0.030099165233967842,-2.545942708078485,-6.991774501654049,0.0,0.0,0.0,0.0,0.0
10.920523643493652,brake,stop,0.0,0.0,0.5,0.0,0.0,0.1,0.0,17.6,-0.032431262111036606,-2.6266936367754568,-6.972457639198296,0.0,0.0,0.0,0.0,0.0
10.940325260162354,brake,stop,0.0,0.0,0.5,0.0,0.0,0.09,0.0,17.6,-0.03574005043135131,-2.5883198206108204,-7.005976219638228,0.0,0.0,0.0,0.0,0.0
10.96068525314331,brake,stop,0.0,0.0,0.5,0.0,0.0,0.1,0.0,17.6,-0.035819699753890696,-2.585327800233472,-7.073448413381243,0.0,0.0,0.0,0.0,0.0
10.980528593063354,brake,stop,0.0,0.0,0.5,0.0,0.0,0.08,0.0,17.6,-0.03372862519725791,-2.649237577687842,-7.024825304821775,0.0,0.0,0.0,0.0,0.0
11.000561237335205,brake,stop,0.0,0.0,0.5,0.0,0.0,0.12,0.0,17.6,-0.03687499814178061,-2.63092117387302,-7.0106493145875675,0.0,0.0,0.0,0.0,0.0
11.020622491836548,brake,stop,0.0,0.0,0.5,0.0,0.0,0.09,0.0,17.6,-0.031438437737249664,-2.5248734350167297,-7.10629807232192,0.0,0.0,0.0,0.0,0.0
11.04056453704834,brake,stop,0.0,0.0,0.5,0.0,0.0,0.11,0.0,17.6,-0.023532350940428864,-2.5205894722857067,-7.159104863859682,0.0,0.0,0.0,0.0,0.0
11.060474395751953,brake,stop,0.0,0.0,0.5,0.0,0.0,0.09,0.0,17.6,-0.02438410475844186,-2.6074785158764087,-7.111355914077649,0.0,0.0,0.0,0.0,0.0
11.080427169799805,brake,stop,0.0,0.0,0.5,0.0,0.0,0.07,0.0,17.6,-0.022315157325397354,-2.5032846368220305,-6.996669206086096,0.0,0.0,0.0,0.0,0.0
11.1003897190094,brake,stop,0.0,0.0,0.5,0.0,0.0,0.1,0.0,17.6,-0.022449726023041214,-2.4361162059451544,-7.0445456251748055,0.0,0.0,0.0,0.0,0.0
11.120444059371948,brake,stop,0.0,0.0,0.5,0.0,0.0,0.08,0.0,17.6,-0.0160664097703925,-2.4641805033911623,-7.188091267253526,0.0,0.0,0.0,0.0,0.0
11.140442848205566,brake,stop,0.0,0.0,0.5,0.0,0.0,0.06,0.0,17.6,-0.014935890605572755,-2.615189531847932,-7.337156681144279,0.0,0.0,0.0,0.0,0.0
11.160529851913452,brake,stop,0.0,0.0,0.5,0.0,0.0,0.1,0.0,17.6,-0.028940798350702658,-2.697064003080584,-7.308516432931867,0.0,0.0,0.0,0.0,0.0
11.180440664291382,brake,stop,0.0,0.0,0.5,0.0,0.0,0.1,0.0,17.6,-0.03873675580320616,-2.701629216896521,-7.260565169479605,0.0,0.0,0.0,0.0,0.0
11.200432777404785,brake,stop,0.0,0.0,0.5,0.0,0.0,0.08,0.0,17.6,-0.04709661820204664,-2.704901903637193,-7.418287386514123,0.0,0.0,0.0,0.0,0.0
11.22045636177063,brake,stop,0.0,0.0,0.5,0.0,0.0,0.12,0.0,17.6,-0.0575629078650853,-2.65317012274312,-7.212537307499019,0.0,0.0,0.0,0.0,0.0
11.24042820930481,brake,stop,0.0,0.0,0.5,0.0,0.0,0.05,0.0,17.6,-0.06411150447229247,-2.6516533549379915,-7.08285892265485,0.0,0.0,0.0,0.0,0.0
11.260448694229126,brake,stop,0.0,0.0,0.5,0.0,0.0,0.09,0.0,17.6,-0.06008058961942976,-2.4897018466411396,-7.107020203485888,0.0,0.0,0.0,0.0,0.0
11.280608177185059,brake,stop,0.0,0.0,0.5,0.0,0.0,0.09,0.0,17.6,-0.04756096946642638,-2.453069623733086,-7.227158270863413,0.0,0.0,0.0,0.0,0.0
11.300573110580444,brake,stop,0.0,0.0,0.5,0.0,0.0,0.08,0.0,17.6,-0.03411072847644084,-2.4808526700941798,-7.135928254186638,0.0,0.0,0.0,0.0,0.0
11.320629358291626,brake,stop,0.0,0.0,0.5,0.0,0.0,0.06,0.0,17.6,-0.029027118059534854,-2.5852152413273473,-7.06384260709649,0.0,0.0,0.0,0.0,0.0
11.340624332427979,brake,stop,0.0,0.0,0.5,0.0,0.0,0.09,0.0,17.6,-0.03466149307640984,-2.6358234796857403,-6.847813707246246,0.0,0.0,0.0,0.0,0.0
11.360607862472534,brake,stop,0.0,0.0,0.5,0.0,0.0,0.08,0.0,17.6,-0.03506701968961785,-2.4971465219283004,-6.890980193925429,0.0,0.0,0.0,0.0,0.0
11.380509376525879,brake,stop,0.0,0.0,0.5,0.0,0.0,0.06,0.0,17.6,-0.027737727811826974,-2.3778532310683005,-6.948567084463548,0.0,0.0,0.0,0.0,0.0
11.400447845458984,brake,stop,0.0,0.0,0.5,0.0,0.0,0.12,0.0,17.6,-0.016126603452812093,-2.410145504153064,-6.957862403583874,0.0,0.0,0.0,0.0,0.0
11.420452356338501,brake,stop,0.0,0.0,0.5,0.0,0.0,0.09,0.0,17.6,-0.007704273281652439,-2.483283065384086,-7.034797146822029,0.0,0.0,0.0,0.0,0.0
11.44050908088684,brake,stop,0.0,0.0,0.5,0.0,0.0,0.1,0.0,17.6,-0.006602645773619504,-2.545212390812253,-7.073037938824882,0.0,0.0,0.0,0.0,0.0
11.460606336593628,brake,stop,0.0,0.0,0.5,0.0,0.0,0.08,0.0,17.6,0.0011092664111127992,-2.503677862091479,-7.2985305576134465,0.0,0.0,0.0,0.0,0.0
11.480635404586792,brake,stop,0.0,0.0,0.5,0.0,0.0,0.1,0.0,17.6,0.006816782650613289,-2.612605354779788,-7.2551336906277015,0.0,0.0,0.0,0.0,0.0
11.500514507293701,brake,stop,0.0,0.0,0.5,0.0,0.0,0.1,0.0,17.6,0.005228583648003918,-2.6122121295103398,-7.187983678480919,0.0,0.0,0.0,0.0,0.0
11.520643711090088,brake,stop,0.0,0.0,0.5,0.0,0.0,0.09,0.0,17.6,0.003376193863772182,-2.607646915694403,-7.068284737017677,0.0,0.0,0.0,0.0,0.0
11.540668725967407,brake,stop,0.0,0.0,0.5,0.0,0.0,0.11,0.0,17.6,0.00344647114792855,-2.4547132761233,-7.1593767593991515,0.0,0.0,0.0,0.0,0.0
11.560662746429443,brake,stop,0.0,0.0,0.5,0.0,0.0,0.09,0.0,17.6,0.012154334319985383,-2.4121677637729704,-7.21698703880088,0.0,0.0,0.0,0.0,0.0
11.580621480941772,brake,stop,0.0,0.0,0.5,0.0,0.0,0.07,0.0,17.6,0.01857435018081215,-2.508579875543404,-7.140485574261106,0.0,0.0,0.0,0.0,0.0
11.600677013397217,brake,stop,0.0,0.0,0.5,0.0,0.0,0.09,0.0,17.6,0.01858502155052388,-2.451384456109963,-7.092651255126896,0.0,0.0,0.0,0.0,0.0
11.620615005493164,brake,stop,0.0,0.0,0.5,0.0,0.0,0.1,0.0,17.6,0.017477666685701325,-2.4738161304770188,-7.087513306513301,0.0,0.0,0.0,0.0,0.0
11.640490770339966,brake,stop,0.0,0.0,0.5,0.0,0.0,0.13,0.0,17.6,0.007919091553378258,-2.49731521410709,-7.020349261048352,0.0,0.0,0.0,0.0,0.0
11.660428047180176,brake,stop,0.0,0.0,0.5,0.0,0.0,0.11,0.0,17.6,-0.0004618530554304187,-2.4398946768613996,-7.005993761285936,0.0,0.0,0.0,0.0,0.0
11.680458307266235,brake,stop,0.0,0.0,0.5,0.0,0.0,0.12,0.0,17.6,-0.004700477763543904,-2.334128042909626,-7.053807030442897,0.0,0.0,0.0,0.0,0.0
11.70043396949768,brake,stop,0.0,0.0,0.5,0.0,0.0,0.1,0.0,17.6,-0.0046986556828215315,-2.2637990456570094,-7.178697714906036,0.0,0.0,0.0,0.0,0.0
11.720446586608887,brake,stop,0.0,0.0,0.5,0.0,0.0,0.11,0.0,17.6,-0.0077635535830419215,-2.4885783041054594,-7.188193008810231,0.0,0.0,0.0,0.0,0.0
11.740532398223877,brake,stop,0.0,0.0,0.5,0.0,0.0,0.1,0.0,17.6,-0.032279000036900526,-2.6373963807635334,-7.149945784869885,0.0,0.0,0.0,0.0,0.0
11.760535717010498,brake,stop,0.0,0.0,0.5,0.0,0.0,0.09,0.0,17.6,-0.043979662784596314,-2.385620526492886,-7.294130527646757,0.0,0.0,0.0,0.0,0.0
11.780593872070312,brake,stop,0.0,0.0,0.5,0.0,0.0,0.09,0.0,17.6,-0.034448937451313284,-2.399427849764436,-7.294001888896901,0.0,0.0,0.0,0.0,0.0
11.800588846206665,brake,stop,0.0,0.0,0.5,0.0,0.0,0.08,0.0,17.6,-0.043058933094350264,-2.5622777827847187,-7.30357670493737,0.0,0.0,0.0,0.0,0.0
11.820646047592163,brake,stop,0.0,0.0,0.5,0.0,0.0,0.06,0.0,17.6,-0.062123508814007945,-2.6988763476495876,-7.259934254883717,0.0,0.0,0.0,0.0,0.0
11.840499639511108,brake,stop,0.0,0.0,0.5,0.0,0.0,0.1,0.0,17.6,-0.07163314107921971,-2.5523614893355386,-7.217278814874419,0.0,0.0,0.0,0.0,0.0
11.860558032989502,brake,stop,0.0,0.0,0.5,0.0,0.0,0.07,0.0,17.6,-0.06524800846748377,-2.3661245930501167,-7.404224832268426,0.0,0.0,0.0,0.0,0.0
11.880875587463379,brake,stop,0.0,0.0,0.5,0.0,0.0,0.11,0.0,17.6,-0.040502211062900924,-2.241873009285129,-7.327652616416231,0.0,0.0,0.0,0.0,0.0
11.90042781829834,brake,stop,0.0,0.0,0.5,0.0,0.0,0.05,0.0,17.6,-0.022295375031925108,-2.4363410313966085,-7.236198066648797,0.0,0.0,0.0,0.0,0.0
11.92064905166626,brake,stop,0.0,0.0,0.5,0.0,0.0,0.05,0.0,17.6,-0.023317352697270005,-2.6452342813201426,-7.092065948815048,0.0,0.0,0.0,0.0,0.0
11.940666198730469,brake,stop,0.0,0.0,0.5,0.0,0.0,0.1,0.0,17.6,-0.03201272345919003,-2.517878410632477,-7.0494105088057495,0.0,0.0,0.0,0.0,0.0
11.96063780784607,brake,stop,0.0,0.0,0.5,0.0,0.0,0.08,0.0,17.6,-0.020641843278230126,-2.3471904308751874,-7.1935157294463465,0.0,0.0,0.0,0.0,0.0
